symbol,code,date,shareholding,shareholding_percent
688002.SH,688002,2021-02-22,"2,088,875",0.90
688006.SH,688006,2021-02-22,"1,015,804",0.93
688008.SH,688008,2021-02-22,"4,795,516",1.13
688009.SH,688009,2021-02-22,"8,058,358",0.40
688012.SH,688012,2021-02-22,"433,973",0.17
688019.SH,688019,2021-02-22,"59,598",0.19
688122.SH,688122,2021-02-22,"2,140,719",0.68
688139.SH,688139,2021-02-22,"981,830",0.53
688180.SH,688180,2021-02-22,"1,705,046",2.29
688185.SH,688185,2021-02-22,"186,958",0.76
688366.SH,688366,2021-02-22,"107,600",0.27
688505.SH,688505,2021-02-22,"269,762",0.27
600000.SH,600000,2021-02-22,"495,084,943",1.68
600004.SH,600004,2021-02-22,"177,973,055",8.60
600006.SH,600006,2021-02-22,"25,682",0.00
600007.SH,600007,2021-02-22,"11,442,356",1.13
600008.SH,600008,2021-02-22,"107,596,656",1.46
600009.SH,600009,2021-02-22,"193,127,610",17.66
600010.SH,600010,2021-02-22,"632,005,196",1.99
600011.SH,600011,2021-02-22,"154,997,922",1.40
600012.SH,600012,2021-02-22,"15,420,611",1.32
600015.SH,600015,2021-02-22,"271,704,466",2.11
600016.SH,600016,2021-02-22,"685,011,579",1.93
600017.SH,600017,2021-02-22,"1,699,004",0.05
600018.SH,600018,2021-02-22,"169,916,104",0.73
600019.SH,600019,2021-02-22,"1,558,507,117",7.01
600020.SH,600020,2021-02-22,"21,255,803",0.94
600021.SH,600021,2021-02-22,"22,185,892",0.94
600023.SH,600023,2021-02-22,"3,939,092",0.02
600025.SH,600025,2021-02-22,"56,761,472",0.31
600026.SH,600026,2021-02-22,"39,289,741",1.43
600027.SH,600027,2021-02-22,"89,735,744",1.10
600028.SH,600028,2021-02-22,"1,180,610,481",1.23
600029.SH,600029,2021-02-22,"647,097,899",7.97
600030.SH,600030,2021-02-22,"320,070,082",3.26
600031.SH,600031,2021-02-22,"800,487,995",9.44
600033.SH,600033,2021-02-22,"819,291",0.02
600036.SH,600036,2021-02-22,"1,175,841,540",5.69
600037.SH,600037,2021-02-22,"453,975",0.03
600038.SH,600038,2021-02-22,"12,599,868",2.13
600039.SH,600039,2021-02-22,"50,013,499",1.38
600048.SH,600048,2021-02-22,"515,923,130",4.31
600050.SH,600050,2021-02-22,"76,842,291",0.25
600053.SH,600053,2021-02-22,"6,742,744",1.55
600054.SH,600054,2021-02-22,"1,143,780",0.22
600056.SH,600056,2021-02-22,"13,185,420",1.23
600057.SH,600057,2021-02-22,"35,198,586",1.64
600058.SH,600058,2021-02-22,"118,659",0.01
600059.SH,600059,2021-02-22,"217,608",0.02
600060.SH,600060,2021-02-22,"8,193,037",0.62
600061.SH,600061,2021-02-22,"47,413,680",1.12
600062.SH,600062,2021-02-22,"33,536,991",3.21
600063.SH,600063,2021-02-22,"1,550,641",0.08
600064.SH,600064,2021-02-22,"1,159,414",0.09
600066.SH,600066,2021-02-22,"178,535,600",8.06
600067.SH,600067,2021-02-22,"973,373",0.06
600068.SH,600068,2021-02-22,"99,971,431",2.17
600070.SH,600070,2021-02-22,"7,656,184",1.46
600072.SH,600072,2021-02-22,"2,851,898",0.38
600073.SH,600073,2021-02-22,"8,766,662",0.93
600075.SH,600075,2021-02-22,"33,911",0.00
600077.SH,600077,2021-02-22,249,0.00
600078.SH,600078,2021-02-22,"6,215",0.00
600079.SH,600079,2021-02-22,"28,653,579",2.11
600081.SH,600081,2021-02-22,"260,608",0.08
600085.SH,600085,2021-02-22,"6,966,557",0.50
600086.SH,600086,2021-02-22,"1,827",0.00
600088.SH,600088,2021-02-22,"189,696",0.04
600089.SH,600089,2021-02-22,"62,721,716",1.68
600093.SH,600093,2021-02-22,"6,061,371",0.54
600094.SH,600094,2021-02-22,"54,190,690",2.38
600096.SH,600096,2021-02-22,"203,687",0.01
600098.SH,600098,2021-02-22,"1,031,363",0.03
600100.SH,600100,2021-02-22,"2,273,965",0.07
600101.SH,600101,2021-02-22,"30,597",0.00
600104.SH,600104,2021-02-22,"505,472,146",4.32
600105.SH,600105,2021-02-22,"1,736,130",0.12
600106.SH,600106,2021-02-22,"1,843,320",0.13
600108.SH,600108,2021-02-22,"264,248",0.01
600109.SH,600109,2021-02-22,"93,944,418",3.10
600110.SH,600110,2021-02-22,"1,500",0.00
600111.SH,600111,2021-02-22,"87,488,969",2.40
600112.SH,600112,2021-02-22,"192,779",0.03
600113.SH,600113,2021-02-22,167,0.00
600114.SH,600114,2021-02-22,"96,717",0.01
600115.SH,600115,2021-02-22,"150,391,779",1.53
600116.SH,600116,2021-02-22,"695,304",0.07
600118.SH,600118,2021-02-22,"6,520,772",0.55
600119.SH,600119,2021-02-22,"130,051",0.04
600120.SH,600120,2021-02-22,"13,111,860",0.58
600122.SH,600122,2021-02-22,"1,948,303",0.16
600123.SH,600123,2021-02-22,"483,639",0.04
600125.SH,600125,2021-02-22,"36,951,445",2.83
600131.SH,600131,2021-02-22,"6,103,088",1.12
600132.SH,600132,2021-02-22,"30,566,393",6.31
600135.SH,600135,2021-02-22,"222,166",0.05
600136.SH,600136,2021-02-22,"1,077,373",0.22
600138.SH,600138,2021-02-22,"20,063,669",2.77
600141.SH,600141,2021-02-22,"15,934,050",1.86
600143.SH,600143,2021-02-22,"83,293,510",3.23
600150.SH,600150,2021-02-22,"10,419,559",0.63
600153.SH,600153,2021-02-22,"96,948,755",3.41
600155.SH,600155,2021-02-22,"6,969,014",0.40
600157.SH,600157,2021-02-22,"2,574,742",0.01
600158.SH,600158,2021-02-22,"193,381",0.02
600160.SH,600160,2021-02-22,"100,417,417",3.71
600161.SH,600161,2021-02-22,"21,170,407",1.68
600162.SH,600162,2021-02-22,"13,719,507",0.40
600166.SH,600166,2021-02-22,"2,978,401",0.04
600167.SH,600167,2021-02-22,"22,647,078",0.98
600168.SH,600168,2021-02-22,"94,720",0.01
600169.SH,600169,2021-02-22,"2,616,502",0.10
600170.SH,600170,2021-02-22,"180,709,509",2.02
600171.SH,600171,2021-02-22,"6,213,540",0.88
600172.SH,600172,2021-02-22,"1,187,929",0.09
600173.SH,600173,2021-02-22,"689,582",0.09
600176.SH,600176,2021-02-22,"259,557,689",7.41
600177.SH,600177,2021-02-22,"75,506,449",1.63
600179.SH,600179,2021-02-22,"327,041",0.00
600180.SH,600180,2021-02-22,"34,236,521",3.36
600183.SH,600183,2021-02-22,"111,865,135",4.88
600185.SH,600185,2021-02-22,"101,955,432",4.94
600188.SH,600188,2021-02-22,"69,323,226",2.34
600190.SH,600190,2021-02-22,"268,304",0.01
600195.SH,600195,2021-02-22,"210,694",0.02
600196.SH,600196,2021-02-22,"37,133,132",1.84
600197.SH,600197,2021-02-22,"1,422,321",0.30
600200.SH,600200,2021-02-22,"2,962,457",0.41
600201.SH,600201,2021-02-22,"211,258,372",18.86
600206.SH,600206,2021-02-22,"10,236,479",1.21
600208.SH,600208,2021-02-22,"116,068,553",1.34
600210.SH,600210,2021-02-22,"48,028,811",3.16
600211.SH,600211,2021-02-22,"1,280,805",0.51
600216.SH,600216,2021-02-22,"16,766,430",1.73
600219.SH,600219,2021-02-22,"349,787,602",2.92
600221.SH,600221,2021-02-22,"40,418,882",0.24
600223.SH,600223,2021-02-22,"3,491,720",0.34
600226.SH,600226,2021-02-22,"527,052",0.02
600230.SH,600230,2021-02-22,"12,012",0.00
600231.SH,600231,2021-02-22,"619,386",0.02
600233.SH,600233,2021-02-22,"59,350,959",1.87
600236.SH,600236,2021-02-22,"25,453,596",0.32
600238.SH,600238,2021-02-22,400,0.00
600239.SH,600239,2021-02-22,"1,086,781",0.06
600248.SH,600248,2021-02-22,"2,651",0.00
600251.SH,600251,2021-02-22,"55,423",0.00
600252.SH,600252,2021-02-22,"23,496,734",0.67
600255.SH,600255,2021-02-22,"574,897",0.03
600256.SH,600256,2021-02-22,"112,336,341",1.66
600257.SH,600257,2021-02-22,"284,737",0.05
600258.SH,600258,2021-02-22,"77,486,080",7.91
600259.SH,600259,2021-02-22,"306,600",0.10
600260.SH,600260,2021-02-22,"26,464,544",2.72
600261.SH,600261,2021-02-22,"23,271,629",1.60
600266.SH,600266,2021-02-22,"1,747,185",0.07
600267.SH,600267,2021-02-22,"720,825",0.07
600268.SH,600268,2021-02-22,"20,400",0.00
600269.SH,600269,2021-02-22,"1,575,494",0.06
600271.SH,600271,2021-02-22,"9,748,087",0.52
600273.SH,600273,2021-02-22,"29,740,170",2.07
600276.SH,600276,2021-02-22,"664,407,908",12.52
600277.SH,600277,2021-02-22,"7,903,391",0.28
600278.SH,600278,2021-02-22,"7,294",0.00
600280.SH,600280,2021-02-22,"117,881",0.01
600282.SH,600282,2021-02-22,"211,958,555",4.76
600284.SH,600284,2021-02-22,"6,644,722",0.68
600285.SH,600285,2021-02-22,"13,076,481",2.30
600289.SH,600289,2021-02-22,"69,611",0.01
600290.SH,600290,2021-02-22,200,0.00
600291.SH,600291,2021-02-22,"531,588",0.04
600292.SH,600292,2021-02-22,"829,738",0.10
600295.SH,600295,2021-02-22,"7,404,647",1.13
600297.SH,600297,2021-02-22,"38,437,110",0.47
600298.SH,600298,2021-02-22,"92,022,359",11.16
600299.SH,600299,2021-02-22,"10,985,173",0.40
600300.SH,600300,2021-02-22,"1,067,281",0.06
600305.SH,600305,2021-02-22,"54,426,863",5.42
600307.SH,600307,2021-02-22,"1,578,608",0.02
600309.SH,600309,2021-02-22,"144,475,452",10.14
600310.SH,600310,2021-02-22,"1,538,906",0.18
600312.SH,600312,2021-02-22,"12,262,662",0.90
600315.SH,600315,2021-02-22,"27,727,446",4.13
600316.SH,600316,2021-02-22,"260,546",0.03
600318.SH,600318,2021-02-22,"13,468",0.00
600321.SH,600321,2021-02-22,"134,400",0.00
600323.SH,600323,2021-02-22,"5,349,594",0.69
600325.SH,600325,2021-02-22,"40,097,079",1.89
600326.SH,600326,2021-02-22,"13,724,597",1.49
600327.SH,600327,2021-02-22,"311,261",0.03
600329.SH,600329,2021-02-22,"16,640,806",2.94
600332.SH,600332,2021-02-22,"19,364,020",1.37
600333.SH,600333,2021-02-22,"5,800",0.00
600335.SH,600335,2021-02-22,"2,227,718",0.21
600337.SH,600337,2021-02-22,"12,012,086",0.73
600338.SH,600338,2021-02-22,"11,944,532",1.30
600340.SH,600340,2021-02-22,"118,603,718",3.04
600343.SH,600343,2021-02-22,"535,571",0.08
600345.SH,600345,2021-02-22,"49,492",0.02
600346.SH,600346,2021-02-22,"138,816,523",1.97
600348.SH,600348,2021-02-22,"50,790,766",2.11
600350.SH,600350,2021-02-22,"24,130,649",0.50
600351.SH,600351,2021-02-22,"797,272",0.10
600352.SH,600352,2021-02-22,"79,698,836",2.44
600353.SH,600353,2021-02-22,"2,000",0.00
600362.SH,600362,2021-02-22,"56,471,708",2.72
600363.SH,600363,2021-02-22,"4,027,799",0.90
600366.SH,600366,2021-02-22,"10,494,656",1.06
600368.SH,600368,2021-02-22,"19,836,296",1.76
600369.SH,600369,2021-02-22,"60,892,918",1.07
600372.SH,600372,2021-02-22,"25,522,199",1.32
600373.SH,600373,2021-02-22,"62,275,171",4.59
600375.SH,600375,2021-02-22,"74,101",0.01
600376.SH,600376,2021-02-22,"23,854,475",0.92
600377.SH,600377,2021-02-22,"14,715,441",0.38
600378.SH,600378,2021-02-22,"4,728,584",1.32
600380.SH,600380,2021-02-22,"99,912,263",5.11
600381.SH,600381,2021-02-22,100,0.00
600382.SH,600382,2021-02-22,"2,366",0.00
600383.SH,600383,2021-02-22,"105,400,071",2.33
600386.SH,600386,2021-02-22,"497,355",0.06
600387.SH,600387,2021-02-22,"6,947,654",1.71
600388.SH,600388,2021-02-22,"12,260,920",1.14
600389.SH,600389,2021-02-22,50,0.00
600391.SH,600391,2021-02-22,"517,350",0.15
600392.SH,600392,2021-02-22,"41,643,496",2.37
600393.SH,600393,2021-02-22,"2,087,838",0.21
600395.SH,600395,2021-02-22,"28,014,047",1.69
600396.SH,600396,2021-02-22,"132,900",0.00
600397.SH,600397,2021-02-22,"489,383",0.04
600398.SH,600398,2021-02-22,"16,159,675",0.37
600399.SH,600399,2021-02-22,"54,637",0.00
600400.SH,600400,2021-02-22,"1,012,463",0.03
600403.SH,600403,2021-02-22,"62,059",0.00
600405.SH,600405,2021-02-22,"88,002",0.01
600406.SH,600406,2021-02-22,"588,845,479",12.84
600409.SH,600409,2021-02-22,"29,053,391",1.40
600410.SH,600410,2021-02-22,"1,173,683",0.10
600415.SH,600415,2021-02-22,"15,273,652",0.28
600416.SH,600416,2021-02-22,"358,882",0.03
600418.SH,600418,2021-02-22,"2,331,597",0.12
600420.SH,600420,2021-02-22,"6,646,497",0.64
600422.SH,600422,2021-02-22,"8,508,093",1.12
600425.SH,600425,2021-02-22,"34,473",0.00
600426.SH,600426,2021-02-22,"47,489,532",2.92
600428.SH,600428,2021-02-22,"850,949",0.03
600433.SH,600433,2021-02-22,"667,041",0.05
600435.SH,600435,2021-02-22,"1,076,895",0.07
600436.SH,600436,2021-02-22,"19,446,523",3.22
600438.SH,600438,2021-02-22,"223,253,444",5.20
600439.SH,600439,2021-02-22,"3,891,079",0.34
600446.SH,600446,2021-02-22,"18,038,775",2.10
600449.SH,600449,2021-02-22,"400,777",0.08
600452.SH,600452,2021-02-22,"3,519,538",0.80
600458.SH,600458,2021-02-22,"209,036",0.02
600459.SH,600459,2021-02-22,"3,880,083",0.88
600460.SH,600460,2021-02-22,"30,920,146",2.35
600466.SH,600466,2021-02-22,"42,110,828",1.38
600467.SH,600467,2021-02-22,"34,900",0.00
600468.SH,600468,2021-02-22,"673,979",0.06
600469.SH,600469,2021-02-22,300,0.00
600470.SH,600470,2021-02-22,100,0.00
600477.SH,600477,2021-02-22,"12,697,922",0.58
600478.SH,600478,2021-02-22,"21,935",0.00
600479.SH,600479,2021-02-22,"393,122",0.09
600480.SH,600480,2021-02-22,"584,532",0.07
600481.SH,600481,2021-02-22,"1,474,077",0.09
600482.SH,600482,2021-02-22,"1,668,403",0.19
600483.SH,600483,2021-02-22,"7,960,069",0.51
600485.SH,600485,2021-02-22,"628,734",0.03
600486.SH,600486,2021-02-22,"5,999,570",1.93
600487.SH,600487,2021-02-22,"39,785,423",2.08
600488.SH,600488,2021-02-22,"2,630",0.00
600489.SH,600489,2021-02-22,"71,140,837",1.94
600490.SH,600490,2021-02-22,"2,324,317",0.12
600491.SH,600491,2021-02-22,"11,243,849",0.73
600495.SH,600495,2021-02-22,"634,710",0.05
600496.SH,600496,2021-02-22,"1,356,225",0.08
600497.SH,600497,2021-02-22,"3,526,986",0.06
600498.SH,600498,2021-02-22,"23,488,474",2.07
600499.SH,600499,2021-02-22,"1,090,583",0.06
600500.SH,600500,2021-02-22,"6,666,456",0.24
600501.SH,600501,2021-02-22,"674,361",0.16
600502.SH,600502,2021-02-22,"11,705,735",0.68
600503.SH,600503,2021-02-22,"1,424,449",0.08
600507.SH,600507,2021-02-22,"171,983,421",7.97
600508.SH,600508,2021-02-22,100,0.00
600509.SH,600509,2021-02-22,"8,525",0.00
600510.SH,600510,2021-02-22,"2,520,178",0.24
600511.SH,600511,2021-02-22,"12,880,132",2.32
600513.SH,600513,2021-02-22,"48,781",0.01
600516.SH,600516,2021-02-22,"93,769,761",2.46
600517.SH,600517,2021-02-22,"1,166,824",0.06
600518.SH,600518,2021-02-22,"1,360,139",0.03
600519.SH,600519,2021-02-22,"99,649,715",7.93
600521.SH,600521,2021-02-22,"21,893,107",1.50
600522.SH,600522,2021-02-22,"90,322,362",2.94
600523.SH,600523,2021-02-22,"9,280",0.00
600525.SH,600525,2021-02-22,"1,955,154",0.14
600526.SH,600526,2021-02-22,"1,343,592",0.24
600527.SH,600527,2021-02-22,"3,481,754",0.20
600528.SH,600528,2021-02-22,"1,643,875",0.07
600529.SH,600529,2021-02-22,"48,152,743",8.09
600531.SH,600531,2021-02-22,"12,703,711",1.16
600532.SH,600532,2021-02-22,"37,201",0.00
600535.SH,600535,2021-02-22,"2,572,852",0.17
600536.SH,600536,2021-02-22,"9,075,692",1.83
600537.SH,600537,2021-02-22,"626,291",0.05
600545.SH,600545,2021-02-22,"3,919,912",0.20
600546.SH,600546,2021-02-22,"12,098",0.00
600547.SH,600547,2021-02-22,"70,460,839",1.99
600548.SH,600548,2021-02-22,"6,634,285",0.46
600549.SH,600549,2021-02-22,"64,132,258",4.56
600551.SH,600551,2021-02-22,"247,978",0.04
600552.SH,600552,2021-02-22,"1,703,654",0.22
600556.SH,600556,2021-02-22,"2,906,964",0.83
600557.SH,600557,2021-02-22,"6,076,845",1.02
600559.SH,600559,2021-02-22,"19,629,616",2.23
600561.SH,600561,2021-02-22,"11,900",0.00
600562.SH,600562,2021-02-22,"2,605,119",0.39
600563.SH,600563,2021-02-22,"8,275,950",3.67
600565.SH,600565,2021-02-22,"29,547,321",1.22
600566.SH,600566,2021-02-22,"17,895,526",2.19
600567.SH,600567,2021-02-22,"96,108,787",2.09
600568.SH,600568,2021-02-22,"506,541",0.03
600570.SH,600570,2021-02-22,"86,030,971",8.23
600571.SH,600571,2021-02-22,"674,245",0.15
600572.SH,600572,2021-02-22,"10,837,852",0.40
600577.SH,600577,2021-02-22,"36,353,520",1.89
600578.SH,600578,2021-02-22,"4,743,956",0.07
600580.SH,600580,2021-02-22,"24,993,422",1.91
600582.SH,600582,2021-02-22,"180,058,505",4.35
600583.SH,600583,2021-02-22,"95,466,681",2.15
600584.SH,600584,2021-02-22,"10,965,183",0.80
600585.SH,600585,2021-02-22,"355,264,931",8.88
600586.SH,600586,2021-02-22,"1,377,329",0.09
600587.SH,600587,2021-02-22,"9,675,077",2.39
600588.SH,600588,2021-02-22,"135,088,162",4.15
600589.SH,600589,2021-02-22,101,0.00
600594.SH,600594,2021-02-22,"673,364",0.08
600596.SH,600596,2021-02-22,"10,766,610",1.53
600597.SH,600597,2021-02-22,"11,631,540",0.95
600598.SH,600598,2021-02-22,"29,034,116",1.63
600600.SH,600600,2021-02-22,"19,291,092",2.77
600601.SH,600601,2021-02-22,"1,715,472",0.07
600604.SH,600604,2021-02-22,"253,708",0.01
600606.SH,600606,2021-02-22,"250,329,990",2.05
600611.SH,600611,2021-02-22,"12,962,954",0.82
600612.SH,600612,2021-02-22,"2,616,719",0.82
600613.SH,600613,2021-02-22,"398,145",0.08
600614.SH,600614,2021-02-22,"749,936",0.04
600616.SH,600616,2021-02-22,"4,941",0.00
600617.SH,600617,2021-02-22,"133,104",0.01
600618.SH,600618,2021-02-22,"3,200",0.00
600620.SH,600620,2021-02-22,"6,095",0.00
600621.SH,600621,2021-02-22,"4,574,470",0.43
600622.SH,600622,2021-02-22,"12,419,983",0.82
600623.SH,600623,2021-02-22,"2,723,802",0.14
600624.SH,600624,2021-02-22,"106,136",0.01
600626.SH,600626,2021-02-22,"7,837,015",0.96
600628.SH,600628,2021-02-22,"331,057",0.05
600629.SH,600629,2021-02-22,41,0.00
600633.SH,600633,2021-02-22,"444,143",0.03
600634.SH,600634,2021-02-22,"7,096",0.00
600635.SH,600635,2021-02-22,"11,037,400",0.45
600636.SH,600636,2021-02-22,"42,878",0.00
600637.SH,600637,2021-02-22,"68,930,348",2.01
600638.SH,600638,2021-02-22,"379,117",0.05
600639.SH,600639,2021-02-22,"10,414,600",1.22
600640.SH,600640,2021-02-22,"34,045",0.00
600641.SH,600641,2021-02-22,"27,073,173",2.82
600642.SH,600642,2021-02-22,"71,202,734",1.56
600643.SH,600643,2021-02-22,"29,790,091",1.84
600645.SH,600645,2021-02-22,"350,101",0.08
600648.SH,600648,2021-02-22,"5,445,335",0.58
600649.SH,600649,2021-02-22,"2,553,380",0.10
600650.SH,600650,2021-02-22,"337,569",0.08
600651.SH,600651,2021-02-22,"67,298",0.00
600654.SH,600654,2021-02-22,"227,831",0.03
600655.SH,600655,2021-02-22,"61,861,234",3.85
600657.SH,600657,2021-02-22,"25,513,103",1.67
600658.SH,600658,2021-02-22,91,0.00
600660.SH,600660,2021-02-22,"160,094,343",7.99
600661.SH,600661,2021-02-22,"47,676",0.01
600662.SH,600662,2021-02-22,"513,013",0.04
600663.SH,600663,2021-02-22,"9,145,138",0.31
600664.SH,600664,2021-02-22,"5,183,975",0.20
600666.SH,600666,2021-02-22,"751,867",0.09
600667.SH,600667,2021-02-22,"62,817,628",2.98
600668.SH,600668,2021-02-22,"1,256,650",0.36
600673.SH,600673,2021-02-22,"47,918,397",1.94
600674.SH,600674,2021-02-22,"146,282,643",3.32
600675.SH,600675,2021-02-22,"29,180,538",1.30
600676.SH,600676,2021-02-22,"714,398",0.06
600677.SH,600677,2021-02-22,"16,200",0.00
600681.SH,600681,2021-02-22,"9,185,960",0.63
600682.SH,600682,2021-02-22,"12,265,218",1.05
600684.SH,600684,2021-02-22,"1,308,493",0.15
600685.SH,600685,2021-02-22,"4,877,610",0.59
600686.SH,600686,2021-02-22,"3,250",0.00
600687.SH,600687,2021-02-22,"183,774",0.01
600688.SH,600688,2021-02-22,"83,119,790",1.13
600690.SH,600690,2021-02-22,"505,101,711",8.00
600693.SH,600693,2021-02-22,"3,147,276",0.35
600694.SH,600694,2021-02-22,"6,365,454",2.16
600697.SH,600697,2021-02-22,"1,552",0.00
600699.SH,600699,2021-02-22,"124,890,431",10.09
600702.SH,600702,2021-02-22,"493,966",0.14
600703.SH,600703,2021-02-22,"130,646,279",3.20
600704.SH,600704,2021-02-22,"103,340,588",2.04
600705.SH,600705,2021-02-22,"125,538,676",1.41
600708.SH,600708,2021-02-22,"6,874,392",0.30
600711.SH,600711,2021-02-22,"27,482,010",1.13
600715.SH,600715,2021-02-22,2,0.00
600716.SH,600716,2021-02-22,"543,120",0.05
600717.SH,600717,2021-02-22,"1,694,742",0.07
600718.SH,600718,2021-02-22,"1,160,480",0.09
600720.SH,600720,2021-02-22,"19,984,380",2.57
600724.SH,600724,2021-02-22,"6,683",0.00
600728.SH,600728,2021-02-22,"13,892,909",0.80
600729.SH,600729,2021-02-22,"10,640,356",2.61
600730.SH,600730,2021-02-22,"159,935",0.02
600733.SH,600733,2021-02-22,"10,533,976",0.57
600736.SH,600736,2021-02-22,"2,284,203",0.19
600737.SH,600737,2021-02-22,"33,778,968",1.60
600738.SH,600738,2021-02-22,"2,250,326",0.30
600739.SH,600739,2021-02-22,"23,836,463",1.55
600740.SH,600740,2021-02-22,"25,369,684",2.63
600741.SH,600741,2021-02-22,"201,295,349",6.38
600742.SH,600742,2021-02-22,"15,640,001",2.33
600743.SH,600743,2021-02-22,"2,245,938",0.09
600745.SH,600745,2021-02-22,"28,674,644",3.31
600748.SH,600748,2021-02-22,"31,328,249",1.69
600750.SH,600750,2021-02-22,"3,972,862",0.63
600754.SH,600754,2021-02-22,"50,013,021",6.23
600755.SH,600755,2021-02-22,"17,601,293",0.95
600756.SH,600756,2021-02-22,"6,227,042",1.92
600757.SH,600757,2021-02-22,"199,981",0.01
600758.SH,600758,2021-02-22,"1,308",0.00
600759.SH,600759,2021-02-22,"96,960",0.00
600760.SH,600760,2021-02-22,"14,449,149",1.03
600761.SH,600761,2021-02-22,"1,545,084",0.20
600763.SH,600763,2021-02-22,"8,039,830",2.50
600764.SH,600764,2021-02-22,"1,169,188",0.23
600765.SH,600765,2021-02-22,"10,756,110",1.25
600770.SH,600770,2021-02-22,"51,975",0.00
600771.SH,600771,2021-02-22,197,0.00
600773.SH,600773,2021-02-22,"413,036",0.05
600775.SH,600775,2021-02-22,"4,136,645",0.61
600776.SH,600776,2021-02-22,"3,636,786",0.38
600777.SH,600777,2021-02-22,"73,295,265",1.17
600778.SH,600778,2021-02-22,"54,000",0.01
600779.SH,600779,2021-02-22,"31,117,067",6.37
600780.SH,600780,2021-02-22,"26,472",0.00
600781.SH,600781,2021-02-22,369,0.00
600782.SH,600782,2021-02-22,"240,515,018",7.54
600783.SH,600783,2021-02-22,"184,456",0.02
600784.SH,600784,2021-02-22,"17,188",0.00
600785.SH,600785,2021-02-22,401,0.00
600787.SH,600787,2021-02-22,"94,784,292",4.30
600790.SH,600790,2021-02-22,"669,512",0.04
600794.SH,600794,2021-02-22,"389,814",0.03
600795.SH,600795,2021-02-22,"80,425,510",0.40
600797.SH,600797,2021-02-22,"7,500",0.00
600801.SH,600801,2021-02-22,"95,476,365",7.01
600802.SH,600802,2021-02-22,"2,012,602",0.43
600803.SH,600803,2021-02-22,"93,443,157",7.60
600804.SH,600804,2021-02-22,"13,035,039",0.91
600805.SH,600805,2021-02-22,"527,729",0.06
600807.SH,600807,2021-02-22,"61,033",0.00
600808.SH,600808,2021-02-22,"102,938,435",1.72
600809.SH,600809,2021-02-22,"26,093,609",3.01
600811.SH,600811,2021-02-22,"35,784,540",0.96
600814.SH,600814,2021-02-22,"626,203",0.08
600816.SH,600816,2021-02-22,"472,087",0.00
600818.SH,600818,2021-02-22,"218,722",0.09
600820.SH,600820,2021-02-22,"51,672,321",1.64
600823.SH,600823,2021-02-22,"76,708,487",2.04
600824.SH,600824,2021-02-22,"118,051",0.01
600825.SH,600825,2021-02-22,"872,226",0.08
600826.SH,600826,2021-02-22,"3,245,261",0.77
600827.SH,600827,2021-02-22,"20,493,703",1.27
600828.SH,600828,2021-02-22,"7,119,204",0.41
600829.SH,600829,2021-02-22,"77,414",0.01
600830.SH,600830,2021-02-22,"370,114",0.08
600831.SH,600831,2021-02-22,"475,501",0.06
600833.SH,600833,2021-02-22,"23,600",0.01
600835.SH,600835,2021-02-22,"78,496,935",9.73
600837.SH,600837,2021-02-22,"135,623,311",1.59
600838.SH,600838,2021-02-22,"280,770",0.07
600839.SH,600839,2021-02-22,"1,427,327",0.03
600845.SH,600845,2021-02-22,"29,812,679",3.55
600846.SH,600846,2021-02-22,"4,486,745",0.71
600848.SH,600848,2021-02-22,"15,067,918",1.24
600850.SH,600850,2021-02-22,"2,552,766",0.59
600856.SH,600856,2021-02-22,"1,717,956",0.12
600858.SH,600858,2021-02-22,"92,332",0.01
600859.SH,600859,2021-02-22,"13,000,519",1.67
600860.SH,600860,2021-02-22,"493,175",0.15
600862.SH,600862,2021-02-22,"13,545,752",0.97
600863.SH,600863,2021-02-22,"36,832,710",0.63
600864.SH,600864,2021-02-22,"24,347",0.00
600867.SH,600867,2021-02-22,"116,632,973",5.75
600869.SH,600869,2021-02-22,"1,045,378",0.04
600871.SH,600871,2021-02-22,"30,529,979",0.22
600872.SH,600872,2021-02-22,"98,280,462",12.33
600873.SH,600873,2021-02-22,"504,475",0.01
600874.SH,600874,2021-02-22,"8,950,774",0.82
600875.SH,600875,2021-02-22,"34,691,194",1.73
600876.SH,600876,2021-02-22,"1,201,219",0.43
600879.SH,600879,2021-02-22,"31,275,394",1.15
600880.SH,600880,2021-02-22,"431,226",0.03
600881.SH,600881,2021-02-22,"4,318,537",0.13
600884.SH,600884,2021-02-22,"3,411,900",0.20
600885.SH,600885,2021-02-22,"136,053,709",18.26
600886.SH,600886,2021-02-22,"167,209,831",2.40
600887.SH,600887,2021-02-22,"723,304,924",12.19
600888.SH,600888,2021-02-22,"659,080",0.07
600891.SH,600891,2021-02-22,"6,194",0.00
600893.SH,600893,2021-02-22,"33,608,595",1.59
600894.SH,600894,2021-02-22,"28,804",0.00
600895.SH,600895,2021-02-22,"17,402,410",1.12
600897.SH,600897,2021-02-22,"4,000,399",1.34
600900.SH,600900,2021-02-22,"1,315,622,589",5.78
600901.SH,600901,2021-02-22,"373,506",0.02
600903.SH,600903,2021-02-22,"7,932,917",0.69
600909.SH,600909,2021-02-22,"34,508,072",0.95
600917.SH,600917,2021-02-22,"1,342,709",0.08
600918.SH,600918,2021-02-22,"3,058,757",0.43
600919.SH,600919,2021-02-22,"325,072,796",2.21
600926.SH,600926,2021-02-22,"127,145,113",2.52
600928.SH,600928,2021-02-22,"2,314,973",0.20
600933.SH,600933,2021-02-22,"3,742,327",0.43
600956.SH,600956,2021-02-22,"1,625,906",1.20
600958.SH,600958,2021-02-22,"133,263,582",2.32
600959.SH,600959,2021-02-22,"1,850,694",0.04
600963.SH,600963,2021-02-22,"623,650",0.03
600965.SH,600965,2021-02-22,"2,309,613",0.28
600967.SH,600967,2021-02-22,"19,129,211",1.13
600968.SH,600968,2021-02-22,"30,715,735",1.64
600970.SH,600970,2021-02-22,"69,515,960",4.00
600971.SH,600971,2021-02-22,"31,558,483",2.62
600973.SH,600973,2021-02-22,"9,114,746",0.74
600975.SH,600975,2021-02-22,"6,707,507",1.02
600976.SH,600976,2021-02-22,"71,600",0.04
600977.SH,600977,2021-02-22,"17,318,496",0.92
600978.SH,600978,2021-02-22,"3,210,553",0.21
600979.SH,600979,2021-02-22,"37,062",0.00
600981.SH,600981,2021-02-22,"4,683",0.00
600983.SH,600983,2021-02-22,"4,500",0.00
600984.SH,600984,2021-02-22,"13,922,565",1.62
600985.SH,600985,2021-02-22,"29,588,421",4.55
600986.SH,600986,2021-02-22,"757,459",0.05
600987.SH,600987,2021-02-22,"16,892,692",1.83
600988.SH,600988,2021-02-22,"35,345,099",2.30
600989.SH,600989,2021-02-22,"23,853,838",1.19
600990.SH,600990,2021-02-22,"342,622",0.21
600993.SH,600993,2021-02-22,"12,201,514",2.83
600995.SH,600995,2021-02-22,"160,211",0.03
600996.SH,600996,2021-02-22,"9,802,757",0.93
600997.SH,600997,2021-02-22,"161,808",0.01
600998.SH,600998,2021-02-22,"58,728,004",3.13
600999.SH,600999,2021-02-22,"102,256,840",1.37
601000.SH,601000,2021-02-22,"147,961,978",2.49
601001.SH,601001,2021-02-22,"9,257,963",0.55
601002.SH,601002,2021-02-22,"975,120",0.11
601003.SH,601003,2021-02-22,"81,750,443",3.18
601005.SH,601005,2021-02-22,"60,123,874",0.71
601006.SH,601006,2021-02-22,"540,614,292",3.63
601009.SH,601009,2021-02-22,"184,731,397",2.17
601010.SH,601010,2021-02-22,"1,129,119",0.06
601012.SH,601012,2021-02-22,"331,035,579",8.77
601015.SH,601015,2021-02-22,"24,621",0.00
601016.SH,601016,2021-02-22,"43,112,283",1.03
601018.SH,601018,2021-02-22,"47,187,850",0.35
601019.SH,601019,2021-02-22,"32,686,868",1.56
601020.SH,601020,2021-02-22,"4,644",0.00
601021.SH,601021,2021-02-22,"24,612,803",2.68
601038.SH,601038,2021-02-22,"6,579,279",1.10
601058.SH,601058,2021-02-22,"45,089,058",1.76
601066.SH,601066,2021-02-22,"29,980,800",2.27
601068.SH,601068,2021-02-22,"9,905,066",3.34
601069.SH,601069,2021-02-22,"3,626,814",0.57
601077.SH,601077,2021-02-22,"120,765,672",2.05
601088.SH,601088,2021-02-22,"116,520,246",0.70
601098.SH,601098,2021-02-22,"174,485,519",9.71
601099.SH,601099,2021-02-22,"83,917,732",1.23
601100.SH,601100,2021-02-22,"147,387,228",11.29
601101.SH,601101,2021-02-22,"19,771",0.00
601106.SH,601106,2021-02-22,"880,535",0.01
601107.SH,601107,2021-02-22,"12,169,064",0.56
601108.SH,601108,2021-02-22,"45,516,480",1.26
601111.SH,601111,2021-02-22,"114,564,365",1.14
601116.SH,601116,2021-02-22,"112,289",0.02
601117.SH,601117,2021-02-22,"88,222,516",1.78
601118.SH,601118,2021-02-22,"2,313,803",0.05
601126.SH,601126,2021-02-22,"617,857",0.07
601127.SH,601127,2021-02-22,"81,005",0.00
601128.SH,601128,2021-02-22,"155,718,564",5.97
601138.SH,601138,2021-02-22,"350,441,884",12.08
601139.SH,601139,2021-02-22,"30,622,557",1.06
601155.SH,601155,2021-02-22,"56,083,452",2.48
601158.SH,601158,2021-02-22,"9,738,358",0.20
601162.SH,601162,2021-02-22,"61,652,773",1.60
601163.SH,601163,2021-02-22,"42,402",0.00
601166.SH,601166,2021-02-22,"582,506,512",2.96
601168.SH,601168,2021-02-22,"3,277,119",0.13
601169.SH,601169,2021-02-22,"541,421,498",2.56
601179.SH,601179,2021-02-22,"3,728,775",0.07
601186.SH,601186,2021-02-22,"23,798,788",0.20
601198.SH,601198,2021-02-22,"35,501,833",1.28
601199.SH,601199,2021-02-22,"251,037",0.02
601200.SH,601200,2021-02-22,"13,210,153",1.17
601208.SH,601208,2021-02-22,"112,050",0.01
601211.SH,601211,2021-02-22,"123,711,042",1.66
601212.SH,601212,2021-02-22,"29,516",0.00
601216.SH,601216,2021-02-22,"138,450,578",1.64
601218.SH,601218,2021-02-22,"677,071",0.06
601222.SH,601222,2021-02-22,"24,893,777",1.42
601225.SH,601225,2021-02-22,"377,038,525",3.77
601226.SH,601226,2021-02-22,"615,374",0.05
601228.SH,601228,2021-02-22,"349,062",0.00
601229.SH,601229,2021-02-22,"326,813,166",2.38
601231.SH,601231,2021-02-22,"83,740,731",3.83
601233.SH,601233,2021-02-22,"71,331,652",3.11
601236.SH,601236,2021-02-22,"6,333,626",0.42
601238.SH,601238,2021-02-22,"26,458,837",0.37
601258.SH,601258,2021-02-22,"610,332",0.00
601288.SH,601288,2021-02-22,"1,531,668,354",0.52
601298.SH,601298,2021-02-22,"11,571,879",0.61
601311.SH,601311,2021-02-22,"31,413,329",2.80
601318.SH,601318,2021-02-22,"831,097,188",7.67
601319.SH,601319,2021-02-22,"50,791,736",0.90
601326.SH,601326,2021-02-22,"14,691,816",0.30
601328.SH,601328,2021-02-22,"716,168,683",1.82
601330.SH,601330,2021-02-22,"1,824,836",0.71
601333.SH,601333,2021-02-22,"108,981,658",1.92
601336.SH,601336,2021-02-22,"34,230,475",1.64
601339.SH,601339,2021-02-22,"13,486,915",0.89
601360.SH,601360,2021-02-22,"57,201,792",3.19
601368.SH,601368,2021-02-22,"2,502",0.00
601369.SH,601369,2021-02-22,"1,955,712",0.11
601375.SH,601375,2021-02-22,"27,382,371",0.79
601377.SH,601377,2021-02-22,"134,587,867",2.00
601388.SH,601388,2021-02-22,380,0.00
601390.SH,601390,2021-02-22,"305,816,487",1.50
601398.SH,601398,2021-02-22,"1,194,112,246",0.44
601456.SH,601456,2021-02-22,"12,324,504",2.59
601512.SH,601512,2021-02-22,"1,285,761",0.16
601515.SH,601515,2021-02-22,"8,029,236",0.60
601519.SH,601519,2021-02-22,"7,341,043",0.36
601555.SH,601555,2021-02-22,"51,220,038",1.31
601566.SH,601566,2021-02-22,200,0.00
601567.SH,601567,2021-02-22,"9,928,665",0.71
601577.SH,601577,2021-02-22,"32,088,134",3.22
601588.SH,601588,2021-02-22,"33,440,313",1.25
601595.SH,601595,2021-02-22,"11,543",0.00
601598.SH,601598,2021-02-22,"159,327,848",11.78
601600.SH,601600,2021-02-22,"309,518,362",2.36
601601.SH,601601,2021-02-22,"201,140,039",2.93
601607.SH,601607,2021-02-22,"56,143,858",2.91
601608.SH,601608,2021-02-22,"2,300,669",0.05
601611.SH,601611,2021-02-22,"107,967",0.00
601615.SH,601615,2021-02-22,"122,451,543",12.45
601618.SH,601618,2021-02-22,"282,220,575",1.58
601619.SH,601619,2021-02-22,"1,747,488",0.08
601628.SH,601628,2021-02-22,"49,942,588",0.23
601633.SH,601633,2021-02-22,"29,917,221",0.49
601636.SH,601636,2021-02-22,"105,005,952",3.90
601658.SH,601658,2021-02-22,"145,477,530",1.29
601666.SH,601666,2021-02-22,"20,832,267",0.89
601668.SH,601668,2021-02-22,"960,800,819",2.36
601669.SH,601669,2021-02-22,"195,783,160",1.75
601678.SH,601678,2021-02-22,"13,752,236",0.83
601688.SH,601688,2021-02-22,"285,578,758",3.88
601689.SH,601689,2021-02-22,"30,971,968",2.93
601696.SH,601696,2021-02-22,"5,527,729",1.98
601698.SH,601698,2021-02-22,"6,671,690",1.63
601699.SH,601699,2021-02-22,"68,108,343",2.27
601700.SH,601700,2021-02-22,"863,017",0.07
601717.SH,601717,2021-02-22,"70,415,169",4.72
601718.SH,601718,2021-02-22,"188,531",0.00
601727.SH,601727,2021-02-22,"125,007,074",1.06
601766.SH,601766,2021-02-22,"36,441,479",0.14
601777.SH,601777,2021-02-22,"82,350",0.00
601778.SH,601778,2021-02-22,"3,880,664",0.65
601788.SH,601788,2021-02-22,"58,441,805",1.49
601789.SH,601789,2021-02-22,"4,540,147",0.46
601798.SH,601798,2021-02-22,"18,042",0.00
601799.SH,601799,2021-02-22,"19,308,398",6.99
601800.SH,601800,2021-02-22,"25,527,111",0.21
601801.SH,601801,2021-02-22,"13,584,900",0.68
601808.SH,601808,2021-02-22,"12,197,865",0.41
601811.SH,601811,2021-02-22,"5,817,628",0.73
601816.SH,601816,2021-02-22,"214,120,286",0.78
601818.SH,601818,2021-02-22,"809,961,219",1.95
601827.SH,601827,2021-02-22,"1,025,109",0.27
601828.SH,601828,2021-02-22,"10,051,663",0.31
601838.SH,601838,2021-02-22,"102,194,077",2.83
601857.SH,601857,2021-02-22,"678,981,554",0.41
601858.SH,601858,2021-02-22,"4,787,713",0.60
601860.SH,601860,2021-02-22,"9,956,201",0.57
601865.SH,601865,2021-02-22,"33,837,179",7.55
601866.SH,601866,2021-02-22,"71,172,296",0.89
601869.SH,601869,2021-02-22,"3,140,053",2.94
601872.SH,601872,2021-02-22,"160,601,742",2.86
601877.SH,601877,2021-02-22,"154,086,415",7.16
601878.SH,601878,2021-02-22,"42,575,279",1.17
601880.SH,601880,2021-02-22,"53,977,234",0.30
601881.SH,601881,2021-02-22,"69,798,409",1.08
601886.SH,601886,2021-02-22,"670,984",0.05
601888.SH,601888,2021-02-22,"192,116,028",9.83
601890.SH,601890,2021-02-22,"18,116",0.00
601898.SH,601898,2021-02-22,"54,275,158",0.59
601899.SH,601899,2021-02-22,"627,398,501",3.19
601901.SH,601901,2021-02-22,"1,475,652,969",17.92
601908.SH,601908,2021-02-22,"1,209,552",0.06
601916.SH,601916,2021-02-22,"103,278,864",1.47
601918.SH,601918,2021-02-22,"151,667",0.00
601919.SH,601919,2021-02-22,"253,764,282",2.93
601928.SH,601928,2021-02-22,"2,384,844",0.09
601929.SH,601929,2021-02-22,"1,386,977",0.04
601933.SH,601933,2021-02-22,"369,796,116",3.90
601939.SH,601939,2021-02-22,"521,580,911",5.43
601949.SH,601949,2021-02-22,"8,352,375",0.45
601952.SH,601952,2021-02-22,"8,865,470",0.64
601958.SH,601958,2021-02-22,"46,274,593",1.43
601965.SH,601965,2021-02-22,"11,990",0.00
601966.SH,601966,2021-02-22,"36,098,349",2.64
601968.SH,601968,2021-02-22,"32,585",0.00
601969.SH,601969,2021-02-22,"173,368",0.00
601985.SH,601985,2021-02-22,"205,283,803",1.31
601988.SH,601988,2021-02-22,"972,050,762",0.46
601989.SH,601989,2021-02-22,"266,542,424",1.45
601990.SH,601990,2021-02-22,"35,500,030",1.72
601991.SH,601991,2021-02-22,"36,517,799",0.36
601992.SH,601992,2021-02-22,"110,553,544",1.32
601995.SH,601995,2021-02-22,"3,736,051",1.43
601996.SH,601996,2021-02-22,"6,953,256",0.64
601997.SH,601997,2021-02-22,"23,614,692",0.76
601998.SH,601998,2021-02-22,"111,276,900",0.32
603000.SH,603000,2021-02-22,"7,679,126",0.69
603001.SH,603001,2021-02-22,34,0.00
603005.SH,603005,2021-02-22,"48,140",0.01
603007.SH,603007,2021-02-22,"34,018",0.01
603008.SH,603008,2021-02-22,"5,093,396",1.31
603012.SH,603012,2021-02-22,"3,158,393",0.49
603013.SH,603013,2021-02-22,223,0.00
603018.SH,603018,2021-02-22,"2,810,061",0.50
603019.SH,603019,2021-02-22,"6,634,818",0.50
603025.SH,603025,2021-02-22,"698,872",0.07
603027.SH,603027,2021-02-22,"8,751,653",1.32
603039.SH,603039,2021-02-22,"1,905,027",0.90
603043.SH,603043,2021-02-22,"12,147,053",3.00
603053.SH,603053,2021-02-22,"1,866,550",0.33
603056.SH,603056,2021-02-22,"28,647,358",2.98
603060.SH,603060,2021-02-22,"4,475,698",1.03
603068.SH,603068,2021-02-22,"1,195,641",1.26
603077.SH,603077,2021-02-22,"167,348,782",1.89
603080.SH,603080,2021-02-22,"20,598",0.01
603087.SH,603087,2021-02-22,"787,692",1.39
603098.SH,603098,2021-02-22,"511,196",0.10
603103.SH,603103,2021-02-22,"818,894",0.12
603106.SH,603106,2021-02-22,577,0.00
603108.SH,603108,2021-02-22,"3,756,639",0.64
603111.SH,603111,2021-02-22,"1,934",0.00
603113.SH,603113,2021-02-22,"9,698,319",1.35
603116.SH,603116,2021-02-22,"117,546",0.02
603118.SH,603118,2021-02-22,"8,377,896",1.07
603121.SH,603121,2021-02-22,"2,070,709",1.74
603126.SH,603126,2021-02-22,"131,838",0.02
603127.SH,603127,2021-02-22,"6,160,101",2.71
603128.SH,603128,2021-02-22,"37,395,334",2.85
603129.SH,603129,2021-02-22,"1,370,465",1.02
603156.SH,603156,2021-02-22,"495,960",0.03
603157.SH,603157,2021-02-22,"81,190",0.05
603160.SH,603160,2021-02-22,"10,923,210",2.40
603165.SH,603165,2021-02-22,"334,117",0.13
603167.SH,603167,2021-02-22,"40,197",0.00
603168.SH,603168,2021-02-22,"161,224",0.04
603169.SH,603169,2021-02-22,"492,394",0.04
603180.SH,603180,2021-02-22,"594,244",0.58
603185.SH,603185,2021-02-22,"4,052,026",5.18
603188.SH,603188,2021-02-22,"99,172",0.01
603195.SH,603195,2021-02-22,"4,243,878",5.62
603197.SH,603197,2021-02-22,"645,988",0.39
603198.SH,603198,2021-02-22,"12,779,932",1.59
603208.SH,603208,2021-02-22,"546,961",0.52
603218.SH,603218,2021-02-22,"17,862,846",2.16
603220.SH,603220,2021-02-22,"2,173,723",1.17
603225.SH,603225,2021-02-22,"4,144,385",0.30
603228.SH,603228,2021-02-22,"4,581,765",0.54
603233.SH,603233,2021-02-22,"16,366,886",2.49
603236.SH,603236,2021-02-22,"5,127,475",7.22
603239.SH,603239,2021-02-22,"73,104",0.02
603258.SH,603258,2021-02-22,"1,859,743",0.77
603259.SH,603259,2021-02-22,"142,985,139",10.11
603260.SH,603260,2021-02-22,"9,632,519",1.02
603267.SH,603267,2021-02-22,"2,465,716",1.56
603279.SH,603279,2021-02-22,"5,293,542",2.78
603283.SH,603283,2021-02-22,"2,699,534",1.54
603288.SH,603288,2021-02-22,"199,629,617",6.16
603298.SH,603298,2021-02-22,"18,175,126",2.09
603300.SH,603300,2021-02-22,70,0.00
603301.SH,603301,2021-02-22,"391,668",0.36
603305.SH,603305,2021-02-22,"11,343,694",2.53
603306.SH,603306,2021-02-22,"121,637",0.03
603308.SH,603308,2021-02-22,"142,414",0.02
603317.SH,603317,2021-02-22,"4,731,106",3.77
603327.SH,603327,2021-02-22,"1,777,416",1.73
603328.SH,603328,2021-02-22,"8,664,256",0.86
603332.SH,603332,2021-02-22,367,0.00
603337.SH,603337,2021-02-22,"3,157,695",0.71
603338.SH,603338,2021-02-22,"44,517,085",9.16
603339.SH,603339,2021-02-22,"315,130",0.10
603345.SH,603345,2021-02-22,"11,067,225",4.75
603351.SH,603351,2021-02-22,"1,284",0.00
603355.SH,603355,2021-02-22,"9,078,760",2.26
603357.SH,603357,2021-02-22,"4,634,829",1.01
603358.SH,603358,2021-02-22,"6,834",0.00
603360.SH,603360,2021-02-22,"1,759,737",0.67
603363.SH,603363,2021-02-22,"6,370,376",1.01
603367.SH,603367,2021-02-22,"1,899,437",0.42
603368.SH,603368,2021-02-22,"2,722,026",0.75
603369.SH,603369,2021-02-22,"48,472,346",3.86
603379.SH,603379,2021-02-22,"1,512,492",0.78
603387.SH,603387,2021-02-22,"1,650,360",0.63
603392.SH,603392,2021-02-22,"659,841",1.51
603393.SH,603393,2021-02-22,"1,584,719",0.50
603399.SH,603399,2021-02-22,200,0.00
603421.SH,603421,2021-02-22,"1,924,842",0.29
603429.SH,603429,2021-02-22,"2,375,316",0.63
603444.SH,603444,2021-02-22,"2,791,351",3.88
603456.SH,603456,2021-02-22,"5,890,277",0.73
603466.SH,603466,2021-02-22,"7,450,728",2.56
603486.SH,603486,2021-02-22,"18,231,373",10.14
603489.SH,603489,2021-02-22,"13,691,569",19.17
603501.SH,603501,2021-02-22,"51,305,478",6.54
603505.SH,603505,2021-02-22,"3,734,140",1.57
603508.SH,603508,2021-02-22,"1,650,373",0.73
603515.SH,603515,2021-02-22,"37,052,738",4.91
603517.SH,603517,2021-02-22,"12,145,623",1.99
603520.SH,603520,2021-02-22,"2,480,266",1.01
603528.SH,603528,2021-02-22,"1,046",0.00
603533.SH,603533,2021-02-22,"3,652,097",0.91
603555.SH,603555,2021-02-22,"39,204",0.00
603556.SH,603556,2021-02-22,"12,651,504",2.58
603567.SH,603567,2021-02-22,"11,774",0.00
603568.SH,603568,2021-02-22,"8,080,184",0.64
603569.SH,603569,2021-02-22,"73,053",0.01
603579.SH,603579,2021-02-22,"612,052",0.43
603583.SH,603583,2021-02-22,"4,601,565",3.11
603585.SH,603585,2021-02-22,"166,172",0.09
603587.SH,603587,2021-02-22,"10,071,714",8.83
603588.SH,603588,2021-02-22,"12,741,423",1.69
603589.SH,603589,2021-02-22,"30,545,089",5.09
603590.SH,603590,2021-02-22,"368,541",0.44
603595.SH,603595,2021-02-22,"39,865",0.02
603596.SH,603596,2021-02-22,"5,102,275",2.97
603599.SH,603599,2021-02-22,"9,445,688",2.04
603600.SH,603600,2021-02-22,"6,278,292",2.07
603601.SH,603601,2021-02-22,"35,292,924",4.90
603603.SH,603603,2021-02-22,708,0.00
603605.SH,603605,2021-02-22,"19,048,924",9.49
603606.SH,603606,2021-02-22,"29,363,436",4.48
603609.SH,603609,2021-02-22,"9,687,319",1.07
603610.SH,603610,2021-02-22,"238,142",0.23
603612.SH,603612,2021-02-22,"3,406",0.00
603613.SH,603613,2021-02-22,"1,547,935",1.28
603616.SH,603616,2021-02-22,86,0.00
603618.SH,603618,2021-02-22,"3,088",0.00
603619.SH,603619,2021-02-22,"12,779",0.00
603626.SH,603626,2021-02-22,"13,681,550",2.83
603628.SH,603628,2021-02-22,"21,119",0.00
603638.SH,603638,2021-02-22,"5,912,040",1.05
603639.SH,603639,2021-02-22,"895,018",0.37
603650.SH,603650,2021-02-22,"5,032,771",3.82
603658.SH,603658,2021-02-22,"23,327,011",5.41
603659.SH,603659,2021-02-22,"16,058,567",3.61
603660.SH,603660,2021-02-22,"855,257",0.17
603666.SH,603666,2021-02-22,"650,446",1.64
603669.SH,603669,2021-02-22,"696,899",0.09
603678.SH,603678,2021-02-22,"8,031,210",1.74
603680.SH,603680,2021-02-22,"679,507",0.26
603681.SH,603681,2021-02-22,"653,666",1.06
603686.SH,603686,2021-02-22,"10,537,985",2.53
603687.SH,603687,2021-02-22,"1,163,181",0.82
603690.SH,603690,2021-02-22,"2,094,459",0.83
603698.SH,603698,2021-02-22,"367,659",0.06
603699.SH,603699,2021-02-22,"157,846",0.02
603707.SH,603707,2021-02-22,"7,980,208",0.85
603708.SH,603708,2021-02-22,"7,743,378",1.27
603711.SH,603711,2021-02-22,"806,832",0.19
603712.SH,603712,2021-02-22,"6,206,172",1.69
603713.SH,603713,2021-02-22,"7,874,449",11.48
603719.SH,603719,2021-02-22,"542,766",1.32
603727.SH,603727,2021-02-22,146,0.00
603728.SH,603728,2021-02-22,"6,142,795",1.47
603730.SH,603730,2021-02-22,"4,619,014",0.79
603733.SH,603733,2021-02-22,"18,318,162",11.74
603737.SH,603737,2021-02-22,"36,943,387",14.17
603757.SH,603757,2021-02-22,"19,095",0.01
603766.SH,603766,2021-02-22,"34,814,489",1.69
603773.SH,603773,2021-02-22,"39,522",0.06
603776.SH,603776,2021-02-22,"3,566",0.00
603777.SH,603777,2021-02-22,55,0.00
603786.SH,603786,2021-02-22,"9,785,725",24.40
603798.SH,603798,2021-02-22,"5,469",0.00
603799.SH,603799,2021-02-22,"42,449,169",3.83
603801.SH,603801,2021-02-22,"8,772,806",4.02
603803.SH,603803,2021-02-22,"3,711,498",0.88
603806.SH,603806,2021-02-22,"17,506,684",2.27
603808.SH,603808,2021-02-22,"4,899,574",1.47
603816.SH,603816,2021-02-22,"27,744,226",4.45
603818.SH,603818,2021-02-22,187,0.00
603833.SH,603833,2021-02-22,"42,815,020",7.11
603848.SH,603848,2021-02-22,"13,725",0.00
603858.SH,603858,2021-02-22,"38,931,387",3.41
603861.SH,603861,2021-02-22,"1,753",0.00
603866.SH,603866,2021-02-22,"37,369,649",5.49
603868.SH,603868,2021-02-22,"1,640,596",0.37
603871.SH,603871,2021-02-22,"2,220,567",1.01
603876.SH,603876,2021-02-22,"1,527,537",0.63
603877.SH,603877,2021-02-22,"6,324,752",1.32
603881.SH,603881,2021-02-22,"3,762,626",1.78
603882.SH,603882,2021-02-22,"55,024,126",11.97
603883.SH,603883,2021-02-22,"33,745,288",8.28
603885.SH,603885,2021-02-22,"9,303,157",0.51
603887.SH,603887,2021-02-22,"2,322,148",0.81
603888.SH,603888,2021-02-22,"3,293,670",0.63
603895.SH,603895,2021-02-22,808,0.00
603897.SH,603897,2021-02-22,"18,056",0.03
603898.SH,603898,2021-02-22,"1,495,182",0.48
603899.SH,603899,2021-02-22,"34,088,214",3.70
603915.SH,603915,2021-02-22,"11,036,786",8.83
603916.SH,603916,2021-02-22,"4,822,192",1.39
603920.SH,603920,2021-02-22,"4,061,861",0.99
603927.SH,603927,2021-02-22,"1,641,163",0.50
603929.SH,603929,2021-02-22,"221,549",0.10
603939.SH,603939,2021-02-22,"58,287,098",11.31
603956.SH,603956,2021-02-22,"1,271,642",1.44
603959.SH,603959,2021-02-22,"2,421",0.00
603960.SH,603960,2021-02-22,"7,190,634",2.79
603979.SH,603979,2021-02-22,"191,567",0.03
603982.SH,603982,2021-02-22,"1,143,645",1.40
603983.SH,603983,2021-02-22,"1,008,597",1.30
603986.SH,603986,2021-02-22,"22,519,142",5.12
603989.SH,603989,2021-02-22,"2,055,245",0.51
603993.SH,603993,2021-02-22,"566,131,683",3.20
603997.SH,603997,2021-02-22,"3,529,265",0.45
605108.SH,605108,2021-02-22,"487,094",0.97
605168.SH,605168,2021-02-22,"159,231",0.92
605198.SH,605198,2021-02-22,"146,600",0.73
605199.SH,605199,2021-02-22,"161,790",0.40
605222.SH,605222,2021-02-22,"183,665",0.36
000001.SZ,000001,2021-02-22,"1,951,372,888",10.05
000002.SZ,000002,2021-02-22,"596,687,809",6.13
000005.SZ,000005,2021-02-22,"2,010",0.00
000006.SZ,000006,2021-02-22,"6,535,829",0.48
000008.SZ,000008,2021-02-22,"43,812,600",1.57
000009.SZ,000009,2021-02-22,"40,960,339",1.58
000011.SZ,000011,2021-02-22,"2,092,800",0.39
000012.SZ,000012,2021-02-22,"88,232,548",4.49
000016.SZ,000016,2021-02-22,"9,852,256",0.61
000019.SZ,000019,2021-02-22,"7,100,873",0.64
000021.SZ,000021,2021-02-22,"22,616,977",1.53
000025.SZ,000025,2021-02-22,"1,557,130",0.39
000027.SZ,000027,2021-02-22,"42,107,119",0.88
000028.SZ,000028,2021-02-22,"14,452,941",3.87
000029.SZ,000029,2021-02-22,"2,236,018",0.25
000030.SZ,000030,2021-02-22,"8,197,909",0.46
000031.SZ,000031,2021-02-22,"23,486,645",0.54
000032.SZ,000032,2021-02-22,"1,887,217",0.45
000034.SZ,000034,2021-02-22,"6,109,473",0.92
000035.SZ,000035,2021-02-22,"12,704,681",0.50
000036.SZ,000036,2021-02-22,"2,192,452",0.14
000039.SZ,000039,2021-02-22,"21,375,789",1.39
000040.SZ,000040,2021-02-22,"1,239,990",0.08
000042.SZ,000042,2021-02-22,"251,176",0.03
000045.SZ,000045,2021-02-22,3,0.00
000046.SZ,000046,2021-02-22,"58,775,111",1.13
000049.SZ,000049,2021-02-22,"2,681,893",1.29
000050.SZ,000050,2021-02-22,"39,888,643",1.62
000055.SZ,000055,2021-02-22,166,0.00
000058.SZ,000058,2021-02-22,"2,539,065",0.25
000059.SZ,000059,2021-02-22,"32,961,577",2.06
000060.SZ,000060,2021-02-22,"53,980,251",1.51
000061.SZ,000061,2021-02-22,"12,552,050",0.73
000062.SZ,000062,2021-02-22,"7,228,764",0.69
000063.SZ,000063,2021-02-22,"60,594,512",1.57
000065.SZ,000065,2021-02-22,"1,288,352",0.16
000066.SZ,000066,2021-02-22,"49,296,978",1.67
000068.SZ,000068,2021-02-22,"36,267",0.00
000069.SZ,000069,2021-02-22,"216,050,145",2.63
000070.SZ,000070,2021-02-22,"6,683,927",0.81
000078.SZ,000078,2021-02-22,"21,482,622",0.78
000088.SZ,000088,2021-02-22,"2,769,518",0.12
000089.SZ,000089,2021-02-22,"93,486,375",4.55
000090.SZ,000090,2021-02-22,"21,215,702",1.13
000096.SZ,000096,2021-02-22,"12,504,542",2.36
000099.SZ,000099,2021-02-22,"4,352,619",0.71
000100.SZ,000100,2021-02-22,"513,059,050",3.65
000150.SZ,000150,2021-02-22,"529,547",0.06
000155.SZ,000155,2021-02-22,119,0.00
000156.SZ,000156,2021-02-22,"11,257,790",0.60
000157.SZ,000157,2021-02-22,"474,690,018",6.70
000158.SZ,000158,2021-02-22,"19,875,941",1.24
000166.SZ,000166,2021-02-22,"271,297,906",1.20
000301.SZ,000301,2021-02-22,"104,647,289",2.16
000333.SZ,000333,2021-02-22,"1,057,789,741",15.02
000338.SZ,000338,2021-02-22,"840,621,057",14.03
000400.SZ,000400,2021-02-22,"78,722,577",7.80
000401.SZ,000401,2021-02-22,"27,561,498",2.04
000402.SZ,000402,2021-02-22,"42,479,228",1.42
000403.SZ,000403,2021-02-22,"1,483,562",0.21
000407.SZ,000407,2021-02-22,78,0.00
000413.SZ,000413,2021-02-22,"12,625,536",0.23
000415.SZ,000415,2021-02-22,"96,939,063",1.56
000417.SZ,000417,2021-02-22,"5,249",0.00
000423.SZ,000423,2021-02-22,"63,980,188",9.78
000425.SZ,000425,2021-02-22,"450,903,155",5.75
000426.SZ,000426,2021-02-22,"37,755,203",2.05
000429.SZ,000429,2021-02-22,"349,915",0.02
000488.SZ,000488,2021-02-22,"75,391,962",4.30
000498.SZ,000498,2021-02-22,"13,070,672",0.83
000501.SZ,000501,2021-02-22,"15,087,517",1.96
000503.SZ,000503,2021-02-22,"3,115,664",0.34
000507.SZ,000507,2021-02-22,"19,524",0.00
000510.SZ,000510,2021-02-22,"5,025",0.00
000513.SZ,000513,2021-02-22,"27,411,612",4.42
000514.SZ,000514,2021-02-22,"23,639",0.00
000516.SZ,000516,2021-02-22,"13,096,994",0.57
000517.SZ,000517,2021-02-22,"19,252,108",0.60
000518.SZ,000518,2021-02-22,"35,300",0.00
000519.SZ,000519,2021-02-22,"6,605,975",0.47
000523.SZ,000523,2021-02-22,71,0.00
000525.SZ,000525,2021-02-22,"62,783",0.01
000528.SZ,000528,2021-02-22,"51,571,214",3.49
000532.SZ,000532,2021-02-22,58,0.00
000533.SZ,000533,2021-02-22,"38,100",0.00
000536.SZ,000536,2021-02-22,"406,147",0.01
000537.SZ,000537,2021-02-22,"12,710,853",0.68
000538.SZ,000538,2021-02-22,"86,879,745",6.80
000539.SZ,000539,2021-02-22,"648,060",0.01
000540.SZ,000540,2021-02-22,"70,820,359",1.01
000541.SZ,000541,2021-02-22,"99,394",0.00
000543.SZ,000543,2021-02-22,"27,628,316",1.21
000544.SZ,000544,2021-02-22,"5,286,964",0.54
000546.SZ,000546,2021-02-22,"5,500,218",0.76
000547.SZ,000547,2021-02-22,"32,046,461",1.99
000550.SZ,000550,2021-02-22,"8,480,791",1.63
000552.SZ,000552,2021-02-22,"1,047,025",0.04
000553.SZ,000553,2021-02-22,"8,512,717",0.39
000555.SZ,000555,2021-02-22,"5,342,937",0.54
000558.SZ,000558,2021-02-22,"13,102",0.00
000559.SZ,000559,2021-02-22,"25,508,864",0.77
000560.SZ,000560,2021-02-22,"39,592,884",1.68
000561.SZ,000561,2021-02-22,"8,894",0.00
000563.SZ,000563,2021-02-22,"22,169,538",0.55
000564.SZ,000564,2021-02-22,"12,756,371",0.21
000567.SZ,000567,2021-02-22,"911,458",0.14
000568.SZ,000568,2021-02-22,"32,155,400",2.19
000571.SZ,000571,2021-02-22,"10,100",0.00
000572.SZ,000572,2021-02-22,"33,506",0.00
000576.SZ,000576,2021-02-22,714,0.00
000581.SZ,000581,2021-02-22,"70,727,764",8.45
000582.SZ,000582,2021-02-22,"24,310,565",1.48
000584.SZ,000584,2021-02-22,438,0.00
000585.SZ,000585,2021-02-22,413,0.00
000587.SZ,000587,2021-02-22,"33,114",0.00
000591.SZ,000591,2021-02-22,"31,919,353",1.06
000592.SZ,000592,2021-02-22,"26,605,837",1.37
000596.SZ,000596,2021-02-22,"5,990,225",1.56
000597.SZ,000597,2021-02-22,"7,990,647",0.59
000598.SZ,000598,2021-02-22,"61,137,742",2.04
000600.SZ,000600,2021-02-22,"17,690,692",0.98
000601.SZ,000601,2021-02-22,"19,682,405",1.82
000603.SZ,000603,2021-02-22,"8,149,735",1.18
000605.SZ,000605,2021-02-22,69,0.00
000607.SZ,000607,2021-02-22,503,0.00
000612.SZ,000612,2021-02-22,"4,581,575",0.38
000615.SZ,000615,2021-02-22,"17,100",0.00
000616.SZ,000616,2021-02-22,"77,000",0.00
000617.SZ,000617,2021-02-22,"2,677,532",0.02
000620.SZ,000620,2021-02-22,"16,879,556",0.88
000623.SZ,000623,2021-02-22,"20,254,207",1.74
000625.SZ,000625,2021-02-22,"223,815,324",5.01
000627.SZ,000627,2021-02-22,"65,898,741",1.33
000629.SZ,000629,2021-02-22,"98,134,159",1.14
000630.SZ,000630,2021-02-22,"325,207,455",3.08
000631.SZ,000631,2021-02-22,"2,011,185",0.08
000635.SZ,000635,2021-02-22,"4,501",0.00
000636.SZ,000636,2021-02-22,"241,969",0.02
000639.SZ,000639,2021-02-22,"2,626,112",0.24
000650.SZ,000650,2021-02-22,"7,807,075",0.55
000651.SZ,000651,2021-02-22,"1,037,091,863",17.23
000652.SZ,000652,2021-02-22,"3,596,053",0.24
000656.SZ,000656,2021-02-22,"250,627,917",4.69
000657.SZ,000657,2021-02-22,"21,615,803",2.05
000661.SZ,000661,2021-02-22,"11,229,654",2.77
000662.SZ,000662,2021-02-22,"8,052",0.00
000665.SZ,000665,2021-02-22,"288,522",0.02
000666.SZ,000666,2021-02-22,"2,090,143",0.39
000667.SZ,000667,2021-02-22,"24,209,883",0.98
000669.SZ,000669,2021-02-22,"9,381",0.00
000671.SZ,000671,2021-02-22,"75,333,134",1.82
000672.SZ,000672,2021-02-22,"12,679,466",1.55
000673.SZ,000673,2021-02-22,135,0.00
000676.SZ,000676,2021-02-22,"9,397,778",0.70
000680.SZ,000680,2021-02-22,"42,788",0.00
000681.SZ,000681,2021-02-22,"9,773,462",1.39
000682.SZ,000682,2021-02-22,"4,950,809",0.36
000683.SZ,000683,2021-02-22,"69,905,005",1.86
000685.SZ,000685,2021-02-22,"11,608,558",0.78
000686.SZ,000686,2021-02-22,"27,851,726",1.19
000687.SZ,000687,2021-02-22,"143,737",0.01
000688.SZ,000688,2021-02-22,"7,665,395",0.67
000690.SZ,000690,2021-02-22,"54,424,654",2.50
000697.SZ,000697,2021-02-22,"810,155",0.12
000700.SZ,000700,2021-02-22,"3,864,284",0.42
000701.SZ,000701,2021-02-22,"27,392",0.00
000703.SZ,000703,2021-02-22,"115,543,454",3.13
000708.SZ,000708,2021-02-22,"30,566,730",0.60
000709.SZ,000709,2021-02-22,"231,946,736",2.18
000710.SZ,000710,2021-02-22,"20,250,165",5.71
000712.SZ,000712,2021-02-22,"5,305,118",0.59
000717.SZ,000717,2021-02-22,"109,308,498",4.51
000718.SZ,000718,2021-02-22,"39,185,536",1.29
000719.SZ,000719,2021-02-22,"665,678",0.06
000720.SZ,000720,2021-02-22,"930,841",0.07
000723.SZ,000723,2021-02-22,"64,047,962",1.49
000725.SZ,000725,2021-02-22,"2,077,021,344",6.13
000726.SZ,000726,2021-02-22,"415,006",0.07
000727.SZ,000727,2021-02-22,"1,800,135",0.03
000728.SZ,000728,2021-02-22,"61,448,519",1.40
000729.SZ,000729,2021-02-22,"111,287,568",3.94
000732.SZ,000732,2021-02-22,"22,609,300",0.90
000733.SZ,000733,2021-02-22,"6,375,557",1.23
000735.SZ,000735,2021-02-22,"8,729,421",0.75
000738.SZ,000738,2021-02-22,"16,735,972",1.46
000739.SZ,000739,2021-02-22,"23,896,994",2.02
000750.SZ,000750,2021-02-22,"80,345,996",1.47
000751.SZ,000751,2021-02-22,"55,380",0.00
000756.SZ,000756,2021-02-22,"3,440,171",0.79
000758.SZ,000758,2021-02-22,"26,786,032",1.36
000761.SZ,000761,2021-02-22,"245,190",0.00
000762.SZ,000762,2021-02-22,"61,664",0.01
000766.SZ,000766,2021-02-22,"1,323,559",0.13
000767.SZ,000767,2021-02-22,"6,062",0.00
000768.SZ,000768,2021-02-22,"35,300,054",1.27
000776.SZ,000776,2021-02-22,"76,702,808",1.29
000777.SZ,000777,2021-02-22,"3,066",0.00
000778.SZ,000778,2021-02-22,"200,636,310",5.02
000783.SZ,000783,2021-02-22,"82,321,715",1.48
000785.SZ,000785,2021-02-22,"1,645,457",0.02
000786.SZ,000786,2021-02-22,"108,527,496",6.42
000789.SZ,000789,2021-02-22,"8,908,902",1.11
000792.SZ,000792,2021-02-22,"5,652,996",0.10
000793.SZ,000793,2021-02-22,"16,363,033",0.81
000795.SZ,000795,2021-02-22,"7,187,224",0.63
000796.SZ,000796,2021-02-22,"6,286,161",0.78
000797.SZ,000797,2021-02-22,"2,513,244",0.15
000799.SZ,000799,2021-02-22,"8,060,362",2.48
000800.SZ,000800,2021-02-22,"62,650,451",1.34
000801.SZ,000801,2021-02-22,"4,586,665",0.44
000802.SZ,000802,2021-02-22,"907,264",0.12
000806.SZ,000806,2021-02-22,"4,317",0.00
000807.SZ,000807,2021-02-22,"90,734,860",2.90
000810.SZ,000810,2021-02-22,"9,144,443",0.85
000811.SZ,000811,2021-02-22,"7,213",0.00
000815.SZ,000815,2021-02-22,"34,786",0.00
000816.SZ,000816,2021-02-22,"364,873",0.02
000818.SZ,000818,2021-02-22,"12,374,148",1.79
000819.SZ,000819,2021-02-22,"3,542",0.00
000821.SZ,000821,2021-02-22,155,0.00
000822.SZ,000822,2021-02-22,"2,613",0.00
000823.SZ,000823,2021-02-22,"1,337,922",0.24
000825.SZ,000825,2021-02-22,"218,100,966",3.82
000826.SZ,000826,2021-02-22,"14,122,252",0.98
000828.SZ,000828,2021-02-22,"2,641,704",0.25
000829.SZ,000829,2021-02-22,"2,250,869",0.21
000830.SZ,000830,2021-02-22,"76,116,516",3.99
000831.SZ,000831,2021-02-22,"15,043,171",1.53
000836.SZ,000836,2021-02-22,"302,096",0.02
000838.SZ,000838,2021-02-22,50,0.00
000839.SZ,000839,2021-02-22,"36,039,263",0.91
000848.SZ,000848,2021-02-22,"21,489,235",1.99
000851.SZ,000851,2021-02-22,"3,250,317",0.35
000856.SZ,000856,2021-02-22,"2,300",0.00
000858.SZ,000858,2021-02-22,"212,484,000",5.47
000860.SZ,000860,2021-02-22,"49,128,096",6.62
000861.SZ,000861,2021-02-22,"3,909,556",0.16
000863.SZ,000863,2021-02-22,"39,732",0.00
000869.SZ,000869,2021-02-22,"5,644,951",1.24
000875.SZ,000875,2021-02-22,"24,031,870",1.11
000876.SZ,000876,2021-02-22,"135,510,810",3.00
000877.SZ,000877,2021-02-22,"18,181,879",1.73
000878.SZ,000878,2021-02-22,"35,795,801",2.10
000881.SZ,000881,2021-02-22,"9,441,893",0.99
000882.SZ,000882,2021-02-22,"2,147,773",0.07
000883.SZ,000883,2021-02-22,"33,836,779",0.51
000885.SZ,000885,2021-02-22,"3,441,828",0.53
000887.SZ,000887,2021-02-22,"29,364,258",2.40
000888.SZ,000888,2021-02-22,"23,199",0.00
000889.SZ,000889,2021-02-22,"5,836,332",0.62
000893.SZ,000893,2021-02-22,50,0.00
000895.SZ,000895,2021-02-22,"62,912,176",1.81
000897.SZ,000897,2021-02-22,"3,155",0.00
000898.SZ,000898,2021-02-22,"229,419,463",2.86
000900.SZ,000900,2021-02-22,"2,520,279",0.16
000901.SZ,000901,2021-02-22,"4,209,390",0.52
000902.SZ,000902,2021-02-22,"23,016,446",1.76
000903.SZ,000903,2021-02-22,"10,003,780",0.50
000905.SZ,000905,2021-02-22,"2,100",0.00
000908.SZ,000908,2021-02-22,"11,090",0.00
000910.SZ,000910,2021-02-22,"16,464,240",3.00
000912.SZ,000912,2021-02-22,"3,082,570",0.19
000913.SZ,000913,2021-02-22,"3,945,505",0.86
000915.SZ,000915,2021-02-22,"952,575",0.40
000917.SZ,000917,2021-02-22,"8,621,653",0.60
000918.SZ,000918,2021-02-22,"11,896,201",0.65
000920.SZ,000920,2021-02-22,"38,000",0.00
000921.SZ,000921,2021-02-22,"67,516,796",7.47
000923.SZ,000923,2021-02-22,"13,520,126",2.07
000925.SZ,000925,2021-02-22,129,0.00
000926.SZ,000926,2021-02-22,"531,891",0.05
000928.SZ,000928,2021-02-22,"998,149",0.07
000930.SZ,000930,2021-02-22,"10,272,409",0.55
000931.SZ,000931,2021-02-22,"3,440,597",0.45
000932.SZ,000932,2021-02-22,"327,920,381",5.35
000933.SZ,000933,2021-02-22,"72,097,029",3.23
000935.SZ,000935,2021-02-22,"3,267,411",0.42
000936.SZ,000936,2021-02-22,"12,343,898",1.39
000937.SZ,000937,2021-02-22,"39,217,128",1.10
000938.SZ,000938,2021-02-22,"54,607,247",1.90
000950.SZ,000950,2021-02-22,"9,082,788",0.52
000951.SZ,000951,2021-02-22,"6,101,427",0.90
000957.SZ,000957,2021-02-22,"97,885",0.01
000958.SZ,000958,2021-02-22,"21,224,308",0.39
000959.SZ,000959,2021-02-22,"45,990,360",0.86
000960.SZ,000960,2021-02-22,"41,170,034",2.46
000961.SZ,000961,2021-02-22,"91,895,181",2.40
000963.SZ,000963,2021-02-22,"50,267,225",2.87
000965.SZ,000965,2021-02-22,"2,333",0.00
000966.SZ,000966,2021-02-22,"11,800",0.00
000967.SZ,000967,2021-02-22,"13,272,303",0.41
000968.SZ,000968,2021-02-22,"6,177,571",0.63
000969.SZ,000969,2021-02-22,"14,102,067",1.37
000970.SZ,000970,2021-02-22,"21,126,988",1.98
000971.SZ,000971,2021-02-22,"105,473",0.00
000973.SZ,000973,2021-02-22,"20,143",0.00
000975.SZ,000975,2021-02-22,"50,819,560",1.83
000976.SZ,000976,2021-02-22,"11,878,499",0.74
000977.SZ,000977,2021-02-22,"32,328,969",2.22
000980.SZ,000980,2021-02-22,"481,327",0.02
000981.SZ,000981,2021-02-22,"13,337",0.00
000983.SZ,000983,2021-02-22,"116,925,492",2.85
000987.SZ,000987,2021-02-22,"15,031,627",0.54
000988.SZ,000988,2021-02-22,"12,489,695",1.24
000989.SZ,000989,2021-02-22,"8,419,819",0.96
000990.SZ,000990,2021-02-22,"8,075,671",0.64
000997.SZ,000997,2021-02-22,"11,814,078",1.12
000998.SZ,000998,2021-02-22,"21,527,507",1.63
000999.SZ,000999,2021-02-22,"87,938,457",8.98
001696.SZ,001696,2021-02-22,"9,571,238",0.83
001872.SZ,001872,2021-02-22,"2,828,469",0.16
001896.SZ,001896,2021-02-22,42,0.00
001914.SZ,001914,2021-02-22,"13,918,906",1.31
001965.SZ,001965,2021-02-22,"12,485,344",0.20
001979.SZ,001979,2021-02-22,"167,657,773",2.11
002001.SZ,002001,2021-02-22,"47,398,619",2.20
002002.SZ,002002,2021-02-22,"22,032,019",0.79
002003.SZ,002003,2021-02-22,"45,044",0.00
002004.SZ,002004,2021-02-22,"29,675,638",1.49
002005.SZ,002005,2021-02-22,264,0.00
002007.SZ,002007,2021-02-22,"95,322,420",5.22
002008.SZ,002008,2021-02-22,"186,972,768",17.52
002010.SZ,002010,2021-02-22,"48,084,753",1.45
002011.SZ,002011,2021-02-22,"3,041",0.00
002013.SZ,002013,2021-02-22,"49,466,268",1.27
002015.SZ,002015,2021-02-22,"2,194,057",0.16
002016.SZ,002016,2021-02-22,"2,037,273",0.25
002017.SZ,002017,2021-02-22,"364,035",0.08
002019.SZ,002019,2021-02-22,"21,541,018",1.74
002020.SZ,002020,2021-02-22,"6,748,964",0.95
002021.SZ,002021,2021-02-22,68,0.00
002022.SZ,002022,2021-02-22,"3,194,226",0.62
002023.SZ,002023,2021-02-22,"5,570,072",0.73
002024.SZ,002024,2021-02-22,"189,108,122",2.03
002025.SZ,002025,2021-02-22,"3,816,289",0.88
002027.SZ,002027,2021-02-22,"1,712,409,306",11.66
002028.SZ,002028,2021-02-22,"12,167,778",1.59
002029.SZ,002029,2021-02-22,"427,769",0.05
002030.SZ,002030,2021-02-22,"13,857,318",1.57
002031.SZ,002031,2021-02-22,"120,437",0.00
002032.SZ,002032,2021-02-22,"43,475,127",5.29
002033.SZ,002033,2021-02-22,77,0.00
002034.SZ,002034,2021-02-22,"1,318,159",0.31
002035.SZ,002035,2021-02-22,"51,336,908",5.90
002036.SZ,002036,2021-02-22,"12,018,599",1.14
002038.SZ,002038,2021-02-22,"16,991,968",1.65
002040.SZ,002040,2021-02-22,14,0.00
002041.SZ,002041,2021-02-22,"4,239,695",0.48
002042.SZ,002042,2021-02-22,"22,915,623",1.50
002043.SZ,002043,2021-02-22,"2,348,985",0.30
002044.SZ,002044,2021-02-22,"86,673,424",2.21
002045.SZ,002045,2021-02-22,"2,470,174",0.52
002047.SZ,002047,2021-02-22,"15,569,352",1.16
002048.SZ,002048,2021-02-22,"19,871,229",3.17
002049.SZ,002049,2021-02-22,"12,439,579",2.04
002050.SZ,002050,2021-02-22,"398,856,133",11.10
002051.SZ,002051,2021-02-22,"7,681,068",0.62
002052.SZ,002052,2021-02-22,"40,056",0.00
002055.SZ,002055,2021-02-22,"2,120,446",0.44
002056.SZ,002056,2021-02-22,"33,802,193",2.05
002057.SZ,002057,2021-02-22,"9,511",0.00
002061.SZ,002061,2021-02-22,"6,245,348",0.45
002063.SZ,002063,2021-02-22,"7,125,821",0.64
002064.SZ,002064,2021-02-22,"51,994,788",1.12
002065.SZ,002065,2021-02-22,"51,182,443",1.64
002067.SZ,002067,2021-02-22,"108,465",0.00
002068.SZ,002068,2021-02-22,"7,200",0.00
002071.SZ,002071,2021-02-22,90,0.00
002073.SZ,002073,2021-02-22,"45,327",0.00
002074.SZ,002074,2021-02-22,"38,981,468",3.04
002075.SZ,002075,2021-02-22,"53,067,624",2.40
002078.SZ,002078,2021-02-22,"45,688,018",1.74
002079.SZ,002079,2021-02-22,"3,147,887",0.40
002080.SZ,002080,2021-02-22,"114,313,445",6.81
002081.SZ,002081,2021-02-22,"69,238,696",2.58
002082.SZ,002082,2021-02-22,"735,259",0.11
002083.SZ,002083,2021-02-22,"190,740",0.02
002085.SZ,002085,2021-02-22,"27,459,890",1.25
002086.SZ,002086,2021-02-22,"2,103",0.00
002089.SZ,002089,2021-02-22,210,0.00
002091.SZ,002091,2021-02-22,"17,662,498",1.12
002092.SZ,002092,2021-02-22,"68,914,145",3.21
002093.SZ,002093,2021-02-22,"10,991,093",1.09
002094.SZ,002094,2021-02-22,"19,185",0.00
002095.SZ,002095,2021-02-22,"71,638",0.02
002097.SZ,002097,2021-02-22,"9,379,856",0.86
002099.SZ,002099,2021-02-22,"12,503,721",0.77
002100.SZ,002100,2021-02-22,"12,212,645",1.13
002102.SZ,002102,2021-02-22,200,0.00
002104.SZ,002104,2021-02-22,"4,712,504",0.67
002106.SZ,002106,2021-02-22,"14,014,342",1.98
002108.SZ,002108,2021-02-22,"4,152,758",0.29
002110.SZ,002110,2021-02-22,"65,350,050",2.66
002111.SZ,002111,2021-02-22,"1,340",0.00
002114.SZ,002114,2021-02-22,"10,000",0.00
002115.SZ,002115,2021-02-22,"5,137,564",0.71
002117.SZ,002117,2021-02-22,"2,231,013",0.40
002118.SZ,002118,2021-02-22,"2,725,582",0.21
002120.SZ,002120,2021-02-22,"72,620,858",2.50
002121.SZ,002121,2021-02-22,"130,634",0.00
002122.SZ,002122,2021-02-22,"2,600",0.00
002123.SZ,002123,2021-02-22,"14,116,899",1.73
002124.SZ,002124,2021-02-22,"27,765,566",2.11
002126.SZ,002126,2021-02-22,"47,439,611",5.98
002127.SZ,002127,2021-02-22,"152,602,102",6.21
002128.SZ,002128,2021-02-22,"29,150,404",1.51
002129.SZ,002129,2021-02-22,"99,139,578",3.26
002130.SZ,002130,2021-02-22,"8,202,517",0.65
002131.SZ,002131,2021-02-22,"99,905,792",1.47
002135.SZ,002135,2021-02-22,"1,399,092",0.13
002137.SZ,002137,2021-02-22,26,0.00
002138.SZ,002138,2021-02-22,"87,031,071",10.79
002139.SZ,002139,2021-02-22,"43,397,199",3.82
002142.SZ,002142,2021-02-22,"252,635,664",4.20
002145.SZ,002145,2021-02-22,"16,518,476",0.80
002146.SZ,002146,2021-02-22,"88,415,401",2.03
002147.SZ,002147,2021-02-22,124,0.00
002148.SZ,002148,2021-02-22,"1,100",0.00
002151.SZ,002151,2021-02-22,"6,965,055",1.37
002152.SZ,002152,2021-02-22,"25,434,458",1.05
002153.SZ,002153,2021-02-22,"24,105,336",2.25
002155.SZ,002155,2021-02-22,"19,336,957",1.60
002156.SZ,002156,2021-02-22,"45,300,642",3.40
002157.SZ,002157,2021-02-22,"71,671,163",2.31
002158.SZ,002158,2021-02-22,"12,979,556",2.42
002161.SZ,002161,2021-02-22,"2,540,865",0.34
002163.SZ,002163,2021-02-22,"893,836",0.11
002167.SZ,002167,2021-02-22,154,0.00
002168.SZ,002168,2021-02-22,"25,361,142",3.16
002169.SZ,002169,2021-02-22,"2,495,512",0.31
002170.SZ,002170,2021-02-22,"1,291,760",0.14
002171.SZ,002171,2021-02-22,"10,221,052",0.76
002172.SZ,002172,2021-02-22,"4,100",0.00
002174.SZ,002174,2021-02-22,"13,583,140",1.48
002175.SZ,002175,2021-02-22,"4,540",0.00
002176.SZ,002176,2021-02-22,"44,419",0.00
002178.SZ,002178,2021-02-22,"15,300",0.00
002179.SZ,002179,2021-02-22,"38,613,591",3.50
002180.SZ,002180,2021-02-22,"25,885,227",2.40
002182.SZ,002182,2021-02-22,"36,852,017",5.70
002183.SZ,002183,2021-02-22,"15,815,263",0.74
002185.SZ,002185,2021-02-22,"49,049,259",1.79
002190.SZ,002190,2021-02-22,"380,634",0.10
002191.SZ,002191,2021-02-22,"23,859,753",1.62
002192.SZ,002192,2021-02-22,"21,647",0.00
002194.SZ,002194,2021-02-22,"3,130,320",0.46
002195.SZ,002195,2021-02-22,"105,407,261",1.84
002197.SZ,002197,2021-02-22,"10,333",0.00
002201.SZ,002201,2021-02-22,"671,675",0.20
002202.SZ,002202,2021-02-22,"269,214,489",7.79
002203.SZ,002203,2021-02-22,"20,620,367",1.05
002204.SZ,002204,2021-02-22,"29,575,252",1.53
002206.SZ,002206,2021-02-22,"12,597",0.00
002208.SZ,002208,2021-02-22,"1,712,732",0.21
002210.SZ,002210,2021-02-22,443,0.00
002212.SZ,002212,2021-02-22,"47,230,021",4.01
002214.SZ,002214,2021-02-22,"1,264,774",0.27
002215.SZ,002215,2021-02-22,"681,350",0.07
002216.SZ,002216,2021-02-22,"17,824,559",2.23
002217.SZ,002217,2021-02-22,"28,352,538",0.90
002221.SZ,002221,2021-02-22,"312,190",0.01
002222.SZ,002222,2021-02-22,"1,682,800",0.39
002223.SZ,002223,2021-02-22,"33,514,252",3.34
002224.SZ,002224,2021-02-22,"1,501",0.00
002226.SZ,002226,2021-02-22,"6,684,753",0.53
002227.SZ,002227,2021-02-22,33,0.00
002228.SZ,002228,2021-02-22,"482,796",0.03
002229.SZ,002229,2021-02-22,"8,298",0.00
002230.SZ,002230,2021-02-22,"138,955,945",6.24
002233.SZ,002233,2021-02-22,"28,434,932",2.38
002234.SZ,002234,2021-02-22,"2,343,505",0.77
002236.SZ,002236,2021-02-22,"121,480,465",4.05
002237.SZ,002237,2021-02-22,"6,621,042",0.57
002238.SZ,002238,2021-02-22,"5,815",0.00
002239.SZ,002239,2021-02-22,"18,988,611",0.60
002240.SZ,002240,2021-02-22,"14,389,524",1.91
002241.SZ,002241,2021-02-22,"203,432,645",6.05
002242.SZ,002242,2021-02-22,"61,616,000",8.03
002243.SZ,002243,2021-02-22,"2,574,574",0.21
002244.SZ,002244,2021-02-22,"46,431,978",1.49
002245.SZ,002245,2021-02-22,"924,845",0.09
002247.SZ,002247,2021-02-22,"53,175",0.00
002249.SZ,002249,2021-02-22,"72,956,067",3.08
002250.SZ,002250,2021-02-22,"14,228,916",1.54
002251.SZ,002251,2021-02-22,"22,052,925",2.55
002252.SZ,002252,2021-02-22,"77,739,321",1.15
002253.SZ,002253,2021-02-22,"1,100",0.00
002254.SZ,002254,2021-02-22,"3,149,330",0.46
002256.SZ,002256,2021-02-22,"62,140",0.00
002258.SZ,002258,2021-02-22,"6,698,198",1.27
002259.SZ,002259,2021-02-22,214,0.00
002260.SZ,002260,2021-02-22,"2,100",0.00
002261.SZ,002261,2021-02-22,"1,832,825",0.16
002262.SZ,002262,2021-02-22,"26,162,255",2.59
002265.SZ,002265,2021-02-22,93,0.00
002266.SZ,002266,2021-02-22,"43,790,811",0.81
002267.SZ,002267,2021-02-22,"807,605",0.07
002268.SZ,002268,2021-02-22,"30,412,873",3.59
002269.SZ,002269,2021-02-22,"40,166",0.00
002271.SZ,002271,2021-02-22,"341,316,750",14.53
002273.SZ,002273,2021-02-22,"18,730,902",1.53
002274.SZ,002274,2021-02-22,"784,220",0.08
002275.SZ,002275,2021-02-22,"634,274",0.10
002276.SZ,002276,2021-02-22,"16,717,117",1.61
002277.SZ,002277,2021-02-22,"5,119,529",0.36
002279.SZ,002279,2021-02-22,"16,269",0.00
002280.SZ,002280,2021-02-22,"3,069,095",0.14
002281.SZ,002281,2021-02-22,"23,588,129",3.38
002283.SZ,002283,2021-02-22,"2,185",0.00
002284.SZ,002284,2021-02-22,"121,076",0.01
002285.SZ,002285,2021-02-22,"27,151,489",1.33
002287.SZ,002287,2021-02-22,"717,541",0.13
002288.SZ,002288,2021-02-22,"9,500",0.00
002292.SZ,002292,2021-02-22,"13,801,521",1.01
002293.SZ,002293,2021-02-22,"7,674,689",0.92
002294.SZ,002294,2021-02-22,"14,678,106",1.40
002296.SZ,002296,2021-02-22,"2,693",0.00
002297.SZ,002297,2021-02-22,"45,000",0.00
002298.SZ,002298,2021-02-22,"3,969,358",0.57
002299.SZ,002299,2021-02-22,"29,532,705",2.37
002301.SZ,002301,2021-02-22,"3,061,219",0.41
002302.SZ,002302,2021-02-22,"8,722,463",0.69
002303.SZ,002303,2021-02-22,"11,303,050",0.73
002304.SZ,002304,2021-02-22,"44,242,024",2.93
002305.SZ,002305,2021-02-22,"1,022",0.00
002307.SZ,002307,2021-02-22,"225,580",0.02
002308.SZ,002308,2021-02-22,"6,448,707",0.71
002309.SZ,002309,2021-02-22,"191,559",0.02
002310.SZ,002310,2021-02-22,"26,023,881",0.96
002311.SZ,002311,2021-02-22,"52,235,319",3.14
002312.SZ,002312,2021-02-22,"27,228,943",1.97
002313.SZ,002313,2021-02-22,"3,097,246",0.82
002314.SZ,002314,2021-02-22,"8,336,813",0.30
002315.SZ,002315,2021-02-22,129,0.00
002317.SZ,002317,2021-02-22,"21,802,416",2.67
002318.SZ,002318,2021-02-22,"5,989,501",0.61
002320.SZ,002320,2021-02-22,"5,236,163",0.35
002322.SZ,002322,2021-02-22,"51,011",0.01
002324.SZ,002324,2021-02-22,"9,516,180",1.12
002325.SZ,002325,2021-02-22,"18,881",0.00
002326.SZ,002326,2021-02-22,"12,375,737",1.41
002327.SZ,002327,2021-02-22,"4,032,086",0.47
002329.SZ,002329,2021-02-22,100,0.00
002332.SZ,002332,2021-02-22,"5,347,552",0.54
002334.SZ,002334,2021-02-22,484,0.00
002335.SZ,002335,2021-02-22,"4,158,024",0.90
002339.SZ,002339,2021-02-22,"5,200",0.00
002340.SZ,002340,2021-02-22,"181,810,128",3.80
002341.SZ,002341,2021-02-22,"76,749",0.00
002342.SZ,002342,2021-02-22,43,0.00
002343.SZ,002343,2021-02-22,"1,347",0.00
002344.SZ,002344,2021-02-22,"359,019",0.02
002345.SZ,002345,2021-02-22,"28,829",0.00
002348.SZ,002348,2021-02-22,"40,800",0.00
002349.SZ,002349,2021-02-22,"13,227",0.00
002351.SZ,002351,2021-02-22,"5,007,146",0.56
002352.SZ,002352,2021-02-22,"160,024,972",3.51
002353.SZ,002353,2021-02-22,"103,338,580",10.78
002354.SZ,002354,2021-02-22,"333,370",0.02
002355.SZ,002355,2021-02-22,"40,000",0.00
002358.SZ,002358,2021-02-22,"925,233",0.09
002359.SZ,002359,2021-02-22,"751,281",0.06
002361.SZ,002361,2021-02-22,"35,532",0.00
002364.SZ,002364,2021-02-22,"2,676,081",0.47
002365.SZ,002365,2021-02-22,"1,183",0.00
002366.SZ,002366,2021-02-22,"7,406,745",0.85
002367.SZ,002367,2021-02-22,"29,214,599",3.66
002368.SZ,002368,2021-02-22,"6,867,450",1.18
002370.SZ,002370,2021-02-22,"173,831",0.03
002371.SZ,002371,2021-02-22,"25,358,781",5.10
002372.SZ,002372,2021-02-22,"78,291,132",4.91
002373.SZ,002373,2021-02-22,"35,449,191",2.24
002375.SZ,002375,2021-02-22,"13,168,425",0.98
002376.SZ,002376,2021-02-22,"4,620,122",0.69
002378.SZ,002378,2021-02-22,"125,442",0.01
002382.SZ,002382,2021-02-22,"15,097,347",1.44
002383.SZ,002383,2021-02-22,"983,311",0.13
002384.SZ,002384,2021-02-22,"49,531,663",2.89
002385.SZ,002385,2021-02-22,"61,492,916",1.46
002387.SZ,002387,2021-02-22,"20,255,351",1.48
002389.SZ,002389,2021-02-22,"5,133,896",0.54
002390.SZ,002390,2021-02-22,"15,039,782",0.90
002392.SZ,002392,2021-02-22,1,0.00
002393.SZ,002393,2021-02-22,"19,109",0.01
002396.SZ,002396,2021-02-22,"15,409,015",2.64
002398.SZ,002398,2021-02-22,"1,384,017",0.19
002399.SZ,002399,2021-02-22,"11,053,388",0.88
002400.SZ,002400,2021-02-22,"14,755,811",0.84
002402.SZ,002402,2021-02-22,"19,874,720",2.17
002405.SZ,002405,2021-02-22,"97,886,416",4.99
002407.SZ,002407,2021-02-22,"6,993,407",1.00
002408.SZ,002408,2021-02-22,"38,484,288",2.16
002409.SZ,002409,2021-02-22,"5,315,212",1.14
002410.SZ,002410,2021-02-22,"119,307,335",10.05
002411.SZ,002411,2021-02-22,"15,008",0.00
002413.SZ,002413,2021-02-22,"7,844,027",0.68
002414.SZ,002414,2021-02-22,"35,867,180",2.25
002415.SZ,002415,2021-02-22,"136,581,733",1.46
002416.SZ,002416,2021-02-22,"25,364,931",2.04
002418.SZ,002418,2021-02-22,848,0.00
002419.SZ,002419,2021-02-22,"18,110,815",1.50
002421.SZ,002421,2021-02-22,"16,797,549",0.87
002422.SZ,002422,2021-02-22,"55,110,247",3.83
002423.SZ,002423,2021-02-22,"13,549,178",0.58
002424.SZ,002424,2021-02-22,"9,522,973",0.67
002425.SZ,002425,2021-02-22,"3,530,572",0.43
002426.SZ,002426,2021-02-22,"94,043",0.00
002427.SZ,002427,2021-02-22,"57,200",0.01
002428.SZ,002428,2021-02-22,"3,602,448",0.55
002429.SZ,002429,2021-02-22,"41,736,642",0.92
002430.SZ,002430,2021-02-22,"37,721,595",3.91
002431.SZ,002431,2021-02-22,"241,291",0.01
002432.SZ,002432,2021-02-22,"100,500",0.02
002433.SZ,002433,2021-02-22,"11,163",0.00
002434.SZ,002434,2021-02-22,"8,781,370",0.65
002435.SZ,002435,2021-02-22,85,0.00
002436.SZ,002436,2021-02-22,"4,596,736",0.30
002437.SZ,002437,2021-02-22,"9,378,965",0.42
002439.SZ,002439,2021-02-22,"162,112,245",17.36
002440.SZ,002440,2021-02-22,"49,753,513",4.32
002443.SZ,002443,2021-02-22,"5,018",0.00
002444.SZ,002444,2021-02-22,"47,126,944",4.13
002445.SZ,002445,2021-02-22,251,0.00
002446.SZ,002446,2021-02-22,"7,327,496",0.80
002447.SZ,002447,2021-02-22,"79,646",0.00
002448.SZ,002448,2021-02-22,"40,205",0.00
002449.SZ,002449,2021-02-22,"5,281,839",0.85
002450.SZ,002450,2021-02-22,"3,799,230",0.10
002456.SZ,002456,2021-02-22,"51,867,045",1.92
002458.SZ,002458,2021-02-22,"8,980,867",0.90
002459.SZ,002459,2021-02-22,"14,292,426",0.89
002460.SZ,002460,2021-02-22,"57,396,878",5.18
002461.SZ,002461,2021-02-22,"8,601,148",0.38
002462.SZ,002462,2021-02-22,"3,967",0.00
002463.SZ,002463,2021-02-22,"147,371,610",8.54
002464.SZ,002464,2021-02-22,"11,780",0.00
002465.SZ,002465,2021-02-22,"47,138,795",2.04
002466.SZ,002466,2021-02-22,"6,900,273",0.46
002467.SZ,002467,2021-02-22,"4,521,407",0.33
002468.SZ,002468,2021-02-22,"14,144,187",0.92
002470.SZ,002470,2021-02-22,"45,608",0.00
002471.SZ,002471,2021-02-22,5,0.00
002474.SZ,002474,2021-02-22,"4,166",0.00
002475.SZ,002475,2021-02-22,"507,033,116",7.21
002479.SZ,002479,2021-02-22,"66,110",0.00
002480.SZ,002480,2021-02-22,"127,504",0.01
002481.SZ,002481,2021-02-22,"50,696,115",4.07
002482.SZ,002482,2021-02-22,"1,266,983",0.08
002484.SZ,002484,2021-02-22,"10,800,101",1.31
002488.SZ,002488,2021-02-22,"13,083,954",1.30
002489.SZ,002489,2021-02-22,"29,663,828",1.36
002490.SZ,002490,2021-02-22,"3,868,660",0.71
002491.SZ,002491,2021-02-22,"11,144,099",0.89
002493.SZ,002493,2021-02-22,"82,195,552",1.21
002496.SZ,002496,2021-02-22,"1,905",0.00
002497.SZ,002497,2021-02-22,"9,650,249",0.84
002498.SZ,002498,2021-02-22,"16,100,960",0.48
002500.SZ,002500,2021-02-22,"37,595,317",1.04
002501.SZ,002501,2021-02-22,"8,946",0.00
002502.SZ,002502,2021-02-22,"704,125",0.08
002503.SZ,002503,2021-02-22,"26,532,527",0.85
002505.SZ,002505,2021-02-22,"60,750,161",0.95
002506.SZ,002506,2021-02-22,"101,878,702",1.73
002507.SZ,002507,2021-02-22,"35,424,967",4.48
002508.SZ,002508,2021-02-22,"131,922,355",13.90
002511.SZ,002511,2021-02-22,"80,442,542",6.13
002512.SZ,002512,2021-02-22,"845,366",0.07
002515.SZ,002515,2021-02-22,"2,558,215",0.26
002516.SZ,002516,2021-02-22,"3,080",0.00
002517.SZ,002517,2021-02-22,"499,186",0.02
002518.SZ,002518,2021-02-22,"2,067,227",0.35
002519.SZ,002519,2021-02-22,"87,551",0.00
002522.SZ,002522,2021-02-22,"3,847,020",0.42
002527.SZ,002527,2021-02-22,"35,211",0.00
002528.SZ,002528,2021-02-22,"10,095",0.00
002530.SZ,002530,2021-02-22,"4,734,484",0.60
002531.SZ,002531,2021-02-22,"73,092,975",4.10
002532.SZ,002532,2021-02-22,"469,066",0.01
002537.SZ,002537,2021-02-22,"7,487,600",0.60
002538.SZ,002538,2021-02-22,"4,120",0.00
002539.SZ,002539,2021-02-22,"24,083,018",2.38
002540.SZ,002540,2021-02-22,"1,771",0.00
002541.SZ,002541,2021-02-22,"17,729,811",3.38
002542.SZ,002542,2021-02-22,"1,487,074",0.08
002543.SZ,002543,2021-02-22,"1,007,002",0.13
002544.SZ,002544,2021-02-22,"3,990,200",0.58
002545.SZ,002545,2021-02-22,"3,646,437",0.29
002546.SZ,002546,2021-02-22,29,0.00
002547.SZ,002547,2021-02-22,"7,532,187",0.66
002550.SZ,002550,2021-02-22,"1,995,497",0.15
002551.SZ,002551,2021-02-22,"2,936,365",0.35
002552.SZ,002552,2021-02-22,"47,634",0.01
002554.SZ,002554,2021-02-22,117,0.00
002555.SZ,002555,2021-02-22,"69,701,374",3.29
002556.SZ,002556,2021-02-22,"3,520,350",0.38
002557.SZ,002557,2021-02-22,"84,738,892",16.71
002558.SZ,002558,2021-02-22,"19,866,306",0.98
002561.SZ,002561,2021-02-22,"30,000",0.00
002563.SZ,002563,2021-02-22,"79,167,669",2.93
002564.SZ,002564,2021-02-22,"10,051",0.00
002567.SZ,002567,2021-02-22,"11,664,821",1.19
002568.SZ,002568,2021-02-22,"17,451,420",3.25
002570.SZ,002570,2021-02-22,"9,051,800",0.88
002572.SZ,002572,2021-02-22,"186,497,517",20.44
002573.SZ,002573,2021-02-22,"4,307,411",0.39
002574.SZ,002574,2021-02-22,3,0.00
002577.SZ,002577,2021-02-22,"401,933",0.14
002581.SZ,002581,2021-02-22,"62,854",0.00
002582.SZ,002582,2021-02-22,"957,480",0.18
002583.SZ,002583,2021-02-22,"20,860,278",1.13
002585.SZ,002585,2021-02-22,"13,368,677",1.15
002586.SZ,002586,2021-02-22,"6,302",0.00
002588.SZ,002588,2021-02-22,"322,107",0.02
002589.SZ,002589,2021-02-22,"13,404,453",0.89
002590.SZ,002590,2021-02-22,"1,734",0.00
002594.SZ,002594,2021-02-22,"63,513,602",3.50
002595.SZ,002595,2021-02-22,"5,402,515",0.67
002596.SZ,002596,2021-02-22,"6,880,712",0.59
002597.SZ,002597,2021-02-22,"5,903,536",1.05
002600.SZ,002600,2021-02-22,"158,957,542",2.25
002601.SZ,002601,2021-02-22,"74,380,659",3.66
002602.SZ,002602,2021-02-22,"127,338,025",1.70
002603.SZ,002603,2021-02-22,"15,331,020",1.27
002605.SZ,002605,2021-02-22,"767,203",0.19
002607.SZ,002607,2021-02-22,"165,047,291",2.67
002608.SZ,002608,2021-02-22,"512,280",0.01
002609.SZ,002609,2021-02-22,"5,570,825",0.86
002610.SZ,002610,2021-02-22,"47,362,093",1.05
002611.SZ,002611,2021-02-22,"15,909,338",1.02
002612.SZ,002612,2021-02-22,100,0.00
002614.SZ,002614,2021-02-22,"20,818,686",3.36
002616.SZ,002616,2021-02-22,"2,141,094",0.28
002617.SZ,002617,2021-02-22,"15,007,362",0.99
002618.SZ,002618,2021-02-22,"1,687,929",0.30
002619.SZ,002619,2021-02-22,"1,735,843",0.09
002621.SZ,002621,2021-02-22,"407,552",0.04
002622.SZ,002622,2021-02-22,"1,076",0.00
002624.SZ,002624,2021-02-22,"71,075,608",3.66
002625.SZ,002625,2021-02-22,"36,538,626",1.69
002626.SZ,002626,2021-02-22,"6,485,901",1.05
002628.SZ,002628,2021-02-22,56,0.00
002630.SZ,002630,2021-02-22,"77,526",0.00
002631.SZ,002631,2021-02-22,97,0.00
002635.SZ,002635,2021-02-22,"6,063,482",0.86
002636.SZ,002636,2021-02-22,"6,741,312",0.92
002638.SZ,002638,2021-02-22,"10,100",0.00
002639.SZ,002639,2021-02-22,"53,731",0.00
002640.SZ,002640,2021-02-22,"33,438,473",2.14
002641.SZ,002641,2021-02-22,"25,835,170",2.09
002642.SZ,002642,2021-02-22,"34,189",0.00
002643.SZ,002643,2021-02-22,"13,966,223",1.53
002646.SZ,002646,2021-02-22,182,0.00
002648.SZ,002648,2021-02-22,"57,456,227",4.68
002649.SZ,002649,2021-02-22,"2,338",0.00
002650.SZ,002650,2021-02-22,"89,045",0.00
002651.SZ,002651,2021-02-22,"2,590,282",0.25
002653.SZ,002653,2021-02-22,"3,655,444",0.34
002654.SZ,002654,2021-02-22,"12,000",0.00
002656.SZ,002656,2021-02-22,81,0.00
002657.SZ,002657,2021-02-22,"11,859",0.00
002658.SZ,002658,2021-02-22,"46,237",0.00
002659.SZ,002659,2021-02-22,"212,527",0.03
002661.SZ,002661,2021-02-22,"1,155,157",0.34
002662.SZ,002662,2021-02-22,"5,586,501",0.37
002663.SZ,002663,2021-02-22,"1,134,753",0.06
002664.SZ,002664,2021-02-22,"2,020,938",0.50
002665.SZ,002665,2021-02-22,"19,476,091",0.76
002668.SZ,002668,2021-02-22,"6,549",0.00
002670.SZ,002670,2021-02-22,"25,797,527",1.33
002672.SZ,002672,2021-02-22,"4,759,191",0.70
002673.SZ,002673,2021-02-22,"44,836,531",1.00
002675.SZ,002675,2021-02-22,"16,719,434",2.08
002677.SZ,002677,2021-02-22,"23,517,245",3.64
002678.SZ,002678,2021-02-22,"427,208",0.03
002681.SZ,002681,2021-02-22,"105,283",0.00
002683.SZ,002683,2021-02-22,"12,351,400",1.64
002685.SZ,002685,2021-02-22,"202,505",0.02
002690.SZ,002690,2021-02-22,"62,542,854",9.25
002695.SZ,002695,2021-02-22,"2,024,859",0.39
002697.SZ,002697,2021-02-22,"55,796,765",4.10
002698.SZ,002698,2021-02-22,"11,004,501",1.07
002699.SZ,002699,2021-02-22,"12,629,319",1.38
002701.SZ,002701,2021-02-22,"100,823,250",4.17
002703.SZ,002703,2021-02-22,"3,576,509",0.62
002705.SZ,002705,2021-02-22,"13,865,545",1.67
002706.SZ,002706,2021-02-22,"38,496,821",4.90
002707.SZ,002707,2021-02-22,"2,527,249",0.27
002709.SZ,002709,2021-02-22,"14,838,784",2.71
002711.SZ,002711,2021-02-22,"63,547",0.00
002714.SZ,002714,2021-02-22,"117,486,202",3.12
002716.SZ,002716,2021-02-22,"285,177",0.01
002717.SZ,002717,2021-02-22,"9,679,839",0.63
002721.SZ,002721,2021-02-22,"58,870",0.00
002726.SZ,002726,2021-02-22,"5,882,171",0.58
002727.SZ,002727,2021-02-22,"27,767,867",4.66
002733.SZ,002733,2021-02-22,"4,124,481",1.07
002736.SZ,002736,2021-02-22,"71,979,896",0.74
002737.SZ,002737,2021-02-22,"5,969,496",1.02
002739.SZ,002739,2021-02-22,"10,111,433",0.45
002741.SZ,002741,2021-02-22,962,0.00
002745.SZ,002745,2021-02-22,"40,381,518",2.72
002746.SZ,002746,2021-02-22,"1,783,127",0.31
002747.SZ,002747,2021-02-22,"108,480,211",12.91
002751.SZ,002751,2021-02-22,"18,000",0.01
002752.SZ,002752,2021-02-22,"62,253",0.00
002755.SZ,002755,2021-02-22,"2,981,157",0.32
002756.SZ,002756,2021-02-22,"2,925,279",0.72
002761.SZ,002761,2021-02-22,"527,240",0.04
002766.SZ,002766,2021-02-22,"2,000",0.00
002768.SZ,002768,2021-02-22,"949,873",0.35
002769.SZ,002769,2021-02-22,"34,869",0.00
002773.SZ,002773,2021-02-22,"14,731,212",1.60
002777.SZ,002777,2021-02-22,"4,105,907",1.30
002782.SZ,002782,2021-02-22,"14,210",0.00
002791.SZ,002791,2021-02-22,"7,196,802",2.23
002792.SZ,002792,2021-02-22,"1,851,058",0.54
002793.SZ,002793,2021-02-22,"4,397,897",0.29
002796.SZ,002796,2021-02-22,"259,222",0.10
002797.SZ,002797,2021-02-22,"84,348,032",2.00
002798.SZ,002798,2021-02-22,"17,212,273",4.42
002801.SZ,002801,2021-02-22,14,0.00
002802.SZ,002802,2021-02-22,"2,670",0.00
002803.SZ,002803,2021-02-22,"5,664,271",1.49
002807.SZ,002807,2021-02-22,"27,048,028",1.24
002812.SZ,002812,2021-02-22,"99,297,914",11.19
002815.SZ,002815,2021-02-22,"8,478,431",0.96
002818.SZ,002818,2021-02-22,"10,341,446",1.37
002821.SZ,002821,2021-02-22,"12,822,309",5.28
002831.SZ,002831,2021-02-22,"76,288,657",8.14
002832.SZ,002832,2021-02-22,"6,066,578",1.15
002833.SZ,002833,2021-02-22,"3,993,253",1.84
002837.SZ,002837,2021-02-22,"5,986,080",1.85
002838.SZ,002838,2021-02-22,"1,128,721",0.27
002839.SZ,002839,2021-02-22,"20,747,053",1.14
002841.SZ,002841,2021-02-22,"12,126,794",1.81
002845.SZ,002845,2021-02-22,100,0.00
002847.SZ,002847,2021-02-22,"598,384",0.46
002850.SZ,002850,2021-02-22,"2,328,673",0.99
002851.SZ,002851,2021-02-22,"38,905,524",7.75
002859.SZ,002859,2021-02-22,"2,463,568",0.59
002867.SZ,002867,2021-02-22,"28,335,451",3.87
002869.SZ,002869,2021-02-22,"1,447,621",0.80
002879.SZ,002879,2021-02-22,"1,575",0.00
002880.SZ,002880,2021-02-22,"198,585",0.12
002891.SZ,002891,2021-02-22,"5,341,292",2.72
002901.SZ,002901,2021-02-22,"1,233,136",0.30
002906.SZ,002906,2021-02-22,"5,463,001",1.15
002907.SZ,002907,2021-02-22,"2,379,461",0.59
002910.SZ,002910,2021-02-22,"2,629,565",1.32
002911.SZ,002911,2021-02-22,"1,219,360",0.21
002912.SZ,002912,2021-02-22,"2,526,406",1.44
002913.SZ,002913,2021-02-22,"297,523",0.20
002916.SZ,002916,2021-02-22,"11,908,312",2.43
002918.SZ,002918,2021-02-22,"11,382,356",2.79
002920.SZ,002920,2021-02-22,"21,712,463",3.94
002925.SZ,002925,2021-02-22,"6,627,849",1.44
002926.SZ,002926,2021-02-22,"27,127,344",1.03
002928.SZ,002928,2021-02-22,"8,797,840",0.86
002929.SZ,002929,2021-02-22,"748,377",0.33
002930.SZ,002930,2021-02-22,"3,025,671",0.68
002936.SZ,002936,2021-02-22,"23,900,375",0.40
002938.SZ,002938,2021-02-22,"35,352,671",1.52
002939.SZ,002939,2021-02-22,"19,666,617",0.63
002941.SZ,002941,2021-02-22,"5,627,536",0.87
002946.SZ,002946,2021-02-22,"1,355,820",0.15
002947.SZ,002947,2021-02-22,"595,612",0.47
002948.SZ,002948,2021-02-22,"8,730,507",0.31
002950.SZ,002950,2021-02-22,"643,384",0.10
002951.SZ,002951,2021-02-22,"197,940",0.04
002955.SZ,002955,2021-02-22,"719,693",0.30
002958.SZ,002958,2021-02-22,"44,478,057",0.80
002959.SZ,002959,2021-02-22,"3,642,913",2.33
002960.SZ,002960,2021-02-22,"1,244,288",0.50
002961.SZ,002961,2021-02-22,"637,696",0.14
002962.SZ,002962,2021-02-22,"24,223",0.00
002966.SZ,002966,2021-02-22,"28,483,512",0.85
002967.SZ,002967,2021-02-22,"8,209,985",1.55
002969.SZ,002969,2021-02-22,"1,219,788",0.12
002970.SZ,002970,2021-02-22,"3,811,552",2.20
002973.SZ,002973,2021-02-22,"8,353,621",2.04
002975.SZ,002975,2021-02-22,"555,207",0.39
002977.SZ,002977,2021-02-22,"128,072",0.17
002978.SZ,002978,2021-02-22,"548,962",0.13
002980.SZ,002980,2021-02-22,"51,937",0.03
002982.SZ,002982,2021-02-22,"133,083",0.13
002985.SZ,002985,2021-02-22,"391,924",0.26
003816.SZ,003816,2021-02-22,"85,832,790",0.21
300001.SZ,300001,2021-02-22,"89,200,484",8.94
300002.SZ,300002,2021-02-22,"33,476,055",1.70
300003.SZ,300003,2021-02-22,"92,147,883",5.10
300005.SZ,300005,2021-02-22,9,0.00
300006.SZ,300006,2021-02-22,97,0.00
300008.SZ,300008,2021-02-22,73,0.00
300009.SZ,300009,2021-02-22,"13,077,694",0.95
300010.SZ,300010,2021-02-22,"38,741,703",4.46
300011.SZ,300011,2021-02-22,88,0.00
300012.SZ,300012,2021-02-22,"345,763,178",20.71
300014.SZ,300014,2021-02-22,"67,228,084",3.55
300015.SZ,300015,2021-02-22,"285,837,178",6.93
300017.SZ,300017,2021-02-22,"52,065,565",2.12
300020.SZ,300020,2021-02-22,"2,300,191",0.35
300021.SZ,300021,2021-02-22,58,0.00
300024.SZ,300024,2021-02-22,"21,976,208",1.40
300026.SZ,300026,2021-02-22,"39,865,741",1.32
300027.SZ,300027,2021-02-22,"2,572,734",0.09
300031.SZ,300031,2021-02-22,"2,056,978",0.51
300032.SZ,300032,2021-02-22,348,0.00
300033.SZ,300033,2021-02-22,"26,057,987",4.84
300034.SZ,300034,2021-02-22,"7,491,634",1.59
300036.SZ,300036,2021-02-22,"15,446,820",3.41
300037.SZ,300037,2021-02-22,"19,205,486",4.67
300038.SZ,300038,2021-02-22,"460,912",0.03
300039.SZ,300039,2021-02-22,"1,150,660",0.11
300043.SZ,300043,2021-02-22,"8,278,227",0.66
300044.SZ,300044,2021-02-22,873,0.00
300045.SZ,300045,2021-02-22,"1,477,744",0.24
300048.SZ,300048,2021-02-22,81,0.00
300049.SZ,300049,2021-02-22,7,0.00
300053.SZ,300053,2021-02-22,"4,193,040",0.59
300054.SZ,300054,2021-02-22,"8,654,099",0.92
300055.SZ,300055,2021-02-22,"779,241",0.09
300056.SZ,300056,2021-02-22,59,0.00
300058.SZ,300058,2021-02-22,"35,847,996",1.43
300059.SZ,300059,2021-02-22,"429,026,967",4.98
300064.SZ,300064,2021-02-22,"14,736",0.00
300065.SZ,300065,2021-02-22,196,0.00
300066.SZ,300066,2021-02-22,65,0.00
300068.SZ,300068,2021-02-22,"11,860,815",1.37
300070.SZ,300070,2021-02-22,"91,560,802",2.89
300072.SZ,300072,2021-02-22,"17,005,430",0.72
300073.SZ,300073,2021-02-22,"32,263,097",7.11
300075.SZ,300075,2021-02-22,"1,641,065",0.34
300077.SZ,300077,2021-02-22,97,0.00
300078.SZ,300078,2021-02-22,"6,787,923",0.78
300079.SZ,300079,2021-02-22,"10,636,077",0.74
300080.SZ,300080,2021-02-22,"3,088,690",0.14
300081.SZ,300081,2021-02-22,88,0.00
300083.SZ,300083,2021-02-22,"5,668,928",0.39
300085.SZ,300085,2021-02-22,"3,977,103",0.56
300088.SZ,300088,2021-02-22,"39,432,706",1.60
300091.SZ,300091,2021-02-22,90,0.00
300096.SZ,300096,2021-02-22,66,0.00
300097.SZ,300097,2021-02-22,101,0.00
300098.SZ,300098,2021-02-22,"3,621,059",0.20
300099.SZ,300099,2021-02-22,34,0.00
300100.SZ,300100,2021-02-22,100,0.00
300101.SZ,300101,2021-02-22,"951,346",0.17
300102.SZ,300102,2021-02-22,170,0.00
300107.SZ,300107,2021-02-22,195,0.00
300109.SZ,300109,2021-02-22,151,0.00
300110.SZ,300110,2021-02-22,"857,117",0.07
300113.SZ,300113,2021-02-22,"6,268,441",0.90
300114.SZ,300114,2021-02-22,"1,549,456",0.26
300115.SZ,300115,2021-02-22,"29,212,927",2.91
300116.SZ,300116,2021-02-22,184,0.00
300118.SZ,300118,2021-02-22,"15,395,125",1.70
300119.SZ,300119,2021-02-22,"15,621,472",3.86
300122.SZ,300122,2021-02-22,"55,929,761",3.49
300123.SZ,300123,2021-02-22,"10,844,841",1.07
300124.SZ,300124,2021-02-22,"170,105,102",9.89
300128.SZ,300128,2021-02-22,183,0.00
300130.SZ,300130,2021-02-22,"3,657,539",0.74
300131.SZ,300131,2021-02-22,"7,337,282",0.68
300132.SZ,300132,2021-02-22,"21,776,382",4.21
300133.SZ,300133,2021-02-22,"76,115,957",4.33
300134.SZ,300134,2021-02-22,"1,116,787",0.14
300136.SZ,300136,2021-02-22,"31,782,950",3.28
300137.SZ,300137,2021-02-22,61,0.00
300142.SZ,300142,2021-02-22,"38,642,337",2.47
300143.SZ,300143,2021-02-22,"964,770",0.15
300144.SZ,300144,2021-02-22,"128,859,030",4.92
300145.SZ,300145,2021-02-22,"13,667,074",0.71
300146.SZ,300146,2021-02-22,"114,958,511",7.27
300147.SZ,300147,2021-02-22,"1,171,218",0.17
300148.SZ,300148,2021-02-22,698,0.00
300149.SZ,300149,2021-02-22,"30,022,908",6.00
300151.SZ,300151,2021-02-22,"1,763,371",0.35
300153.SZ,300153,2021-02-22,83,0.00
300155.SZ,300155,2021-02-22,44,0.00
300157.SZ,300157,2021-02-22,93,0.00
300158.SZ,300158,2021-02-22,"3,583,957",0.34
300159.SZ,300159,2021-02-22,"2,222,529",0.14
300160.SZ,300160,2021-02-22,97,0.00
300166.SZ,300166,2021-02-22,"15,534,965",1.47
300168.SZ,300168,2021-02-22,"4,809,022",0.40
300170.SZ,300170,2021-02-22,"9,114,532",1.03
300171.SZ,300171,2021-02-22,"2,034,226",0.32
300175.SZ,300175,2021-02-22,59,0.00
300177.SZ,300177,2021-02-22,"915,648",0.13
300178.SZ,300178,2021-02-22,"7,445",0.00
300180.SZ,300180,2021-02-22,"28,217,457",1.60
300182.SZ,300182,2021-02-22,"32,136,273",1.24
300183.SZ,300183,2021-02-22,"4,276,897",0.92
300184.SZ,300184,2021-02-22,"26,507,680",2.24
300185.SZ,300185,2021-02-22,"15,361,385",0.47
300187.SZ,300187,2021-02-22,522,0.00
300188.SZ,300188,2021-02-22,"11,917,062",1.47
300190.SZ,300190,2021-02-22,"2,063,747",0.26
300191.SZ,300191,2021-02-22,"1,211,698",0.37
300194.SZ,300194,2021-02-22,"7,620,565",0.64
300197.SZ,300197,2021-02-22,"2,322,650",0.08
300199.SZ,300199,2021-02-22,"936,828",0.10
300202.SZ,300202,2021-02-22,"9,772,064",1.77
300203.SZ,300203,2021-02-22,"5,026,450",1.11
300204.SZ,300204,2021-02-22,"474,871",0.09
300205.SZ,300205,2021-02-22,55,0.00
300206.SZ,300206,2021-02-22,"25,503,108",4.38
300207.SZ,300207,2021-02-22,"88,804,652",5.63
300209.SZ,300209,2021-02-22,"15,215,871",3.59
300212.SZ,300212,2021-02-22,"8,088,474",1.24
300215.SZ,300215,2021-02-22,"884,902",0.11
300219.SZ,300219,2021-02-22,"4,272,947",0.60
300221.SZ,300221,2021-02-22,109,0.00
300222.SZ,300222,2021-02-22,"13,179,320",1.82
300223.SZ,300223,2021-02-22,"3,625,133",0.77
300224.SZ,300224,2021-02-22,"17,240,129",2.10
300226.SZ,300226,2021-02-22,"1,851,187",0.96
300228.SZ,300228,2021-02-22,109,0.00
300229.SZ,300229,2021-02-22,"3,742,294",0.52
300232.SZ,300232,2021-02-22,"18,031,317",1.83
300233.SZ,300233,2021-02-22,"3,375,787",0.86
300236.SZ,300236,2021-02-22,"2,740,918",0.94
300237.SZ,300237,2021-02-22,"8,543",0.00
300238.SZ,300238,2021-02-22,"1,570,582",0.59
300244.SZ,300244,2021-02-22,"77,100,421",12.42
300247.SZ,300247,2021-02-22,32,0.00
300248.SZ,300248,2021-02-22,"488,339",0.10
300251.SZ,300251,2021-02-22,"95,862,670",3.26
300252.SZ,300252,2021-02-22,"5,415,438",0.93
300253.SZ,300253,2021-02-22,"174,023,344",8.13
300255.SZ,300255,2021-02-22,"1,008,349",0.10
300256.SZ,300256,2021-02-22,"3,802,368",0.39
300257.SZ,300257,2021-02-22,"10,606,511",1.06
300262.SZ,300262,2021-02-22,62,0.00
300263.SZ,300263,2021-02-22,"2,640,175",0.28
300266.SZ,300266,2021-02-22,"319,072",0.02
300267.SZ,300267,2021-02-22,"1,676,979",0.08
300269.SZ,300269,2021-02-22,102,0.00
300271.SZ,300271,2021-02-22,"67,559,837",8.27
300273.SZ,300273,2021-02-22,443,0.00
300274.SZ,300274,2021-02-22,"115,368,637",7.91
300276.SZ,300276,2021-02-22,"26,707,297",1.86
300284.SZ,300284,2021-02-22,"5,177,130",0.53
300285.SZ,300285,2021-02-22,"214,994,824",21.41
300287.SZ,300287,2021-02-22,"18,414,605",1.28
300288.SZ,300288,2021-02-22,"246,306",0.07
300291.SZ,300291,2021-02-22,"124,148",0.01
300292.SZ,300292,2021-02-22,"9,176,654",0.71
300294.SZ,300294,2021-02-22,"6,062,679",1.39
300295.SZ,300295,2021-02-22,33,0.00
300296.SZ,300296,2021-02-22,"64,328,345",2.52
300297.SZ,300297,2021-02-22,"8,374,839",0.67
300298.SZ,300298,2021-02-22,"33,071,240",5.85
300299.SZ,300299,2021-02-22,"7,448,926",1.07
300300.SZ,300300,2021-02-22,"1,029,396",0.15
300302.SZ,300302,2021-02-22,"3,414,749",0.71
300303.SZ,300303,2021-02-22,"1,613,502",0.12
300304.SZ,300304,2021-02-22,132,0.00
300307.SZ,300307,2021-02-22,33,0.00
300308.SZ,300308,2021-02-22,"68,840,618",9.65
300310.SZ,300310,2021-02-22,141,0.00
300311.SZ,300311,2021-02-22,3,0.00
300314.SZ,300314,2021-02-22,"182,500",0.06
300315.SZ,300315,2021-02-22,"35,213,965",1.27
300316.SZ,300316,2021-02-22,"40,031,046",3.11
300317.SZ,300317,2021-02-22,"1,095",0.00
300318.SZ,300318,2021-02-22,"10,132,615",1.24
300319.SZ,300319,2021-02-22,"3,847,127",0.55
300322.SZ,300322,2021-02-22,"2,247,231",0.48
300323.SZ,300323,2021-02-22,"946,929",0.07
300324.SZ,300324,2021-02-22,"46,677,651",2.66
300326.SZ,300326,2021-02-22,"35,060,878",4.84
300327.SZ,300327,2021-02-22,"14,998,629",5.30
300328.SZ,300328,2021-02-22,"2,578,836",0.37
300332.SZ,300332,2021-02-22,102,0.00
300335.SZ,300335,2021-02-22,135,0.00
300336.SZ,300336,2021-02-22,165,0.00
300337.SZ,300337,2021-02-22,130,0.00
300339.SZ,300339,2021-02-22,"9,783,089",1.22
300340.SZ,300340,2021-02-22,150,0.00
300342.SZ,300342,2021-02-22,"1,541,047",0.35
300343.SZ,300343,2021-02-22,151,0.00
300346.SZ,300346,2021-02-22,"506,796",0.12
300347.SZ,300347,2021-02-22,"108,858,836",14.52
300348.SZ,300348,2021-02-22,"3,887,042",0.53
300349.SZ,300349,2021-02-22,"6,280,373",1.46
300352.SZ,300352,2021-02-22,"9,871,775",0.68
300353.SZ,300353,2021-02-22,105,0.00
300355.SZ,300355,2021-02-22,"1,185,718",0.07
300357.SZ,300357,2021-02-22,"10,345,004",1.97
300359.SZ,300359,2021-02-22,"296,906",0.04
300363.SZ,300363,2021-02-22,"321,430",0.05
300364.SZ,300364,2021-02-22,"1,077",0.00
300365.SZ,300365,2021-02-22,"6,462,441",1.06
300366.SZ,300366,2021-02-22,"6,350,927",1.20
300367.SZ,300367,2021-02-22,"189,698",0.01
300368.SZ,300368,2021-02-22,4,0.00
300369.SZ,300369,2021-02-22,"25,886,458",3.24
300373.SZ,300373,2021-02-22,"12,578,719",2.45
300376.SZ,300376,2021-02-22,"30,867,308",1.33
300377.SZ,300377,2021-02-22,"6,897,900",0.91
300378.SZ,300378,2021-02-22,38,0.00
300379.SZ,300379,2021-02-22,"2,406,379",0.84
300383.SZ,300383,2021-02-22,"112,338,189",7.27
300386.SZ,300386,2021-02-22,"2,424,168",0.57
300388.SZ,300388,2021-02-22,"2,076,985",0.29
300390.SZ,300390,2021-02-22,"4,388,946",0.79
300394.SZ,300394,2021-02-22,"3,064,265",1.41
300395.SZ,300395,2021-02-22,"9,522,959",2.81
300397.SZ,300397,2021-02-22,"1,280,646",0.26
300398.SZ,300398,2021-02-22,"1,897,009",0.36
300401.SZ,300401,2021-02-22,"2,782,039",0.50
300406.SZ,300406,2021-02-22,"4,355,791",0.73
300408.SZ,300408,2021-02-22,"63,065,309",3.47
300409.SZ,300409,2021-02-22,"387,508",0.08
300413.SZ,300413,2021-02-22,"60,198,454",3.38
300418.SZ,300418,2021-02-22,"14,538,438",1.23
300422.SZ,300422,2021-02-22,76,0.00
300423.SZ,300423,2021-02-22,"1,839,704",0.36
300427.SZ,300427,2021-02-22,"2,784,934",0.77
300428.SZ,300428,2021-02-22,"1,365,106",0.23
300429.SZ,300429,2021-02-22,"3,190,699",0.61
300432.SZ,300432,2021-02-22,"204,123",0.02
300433.SZ,300433,2021-02-22,"85,511,022",1.71
300438.SZ,300438,2021-02-22,"11,265,906",2.68
300439.SZ,300439,2021-02-22,"347,858",0.10
300441.SZ,300441,2021-02-22,"3,538,438",0.53
300443.SZ,300443,2021-02-22,87,0.00
300448.SZ,300448,2021-02-22,"10,043,323",1.45
300450.SZ,300450,2021-02-22,"171,289,094",18.87
300451.SZ,300451,2021-02-22,"19,578,522",1.64
300454.SZ,300454,2021-02-22,"18,657,303",4.50
300455.SZ,300455,2021-02-22,"1,862,697",0.25
300456.SZ,300456,2021-02-22,"3,317,003",0.51
300457.SZ,300457,2021-02-22,"18,901,557",2.91
300458.SZ,300458,2021-02-22,"1,901,138",0.57
300459.SZ,300459,2021-02-22,"20,519,721",0.58
300463.SZ,300463,2021-02-22,"32,863,668",5.90
300465.SZ,300465,2021-02-22,"9,577,770",2.14
300467.SZ,300467,2021-02-22,"97,659",0.04
300468.SZ,300468,2021-02-22,"577,000",0.20
300470.SZ,300470,2021-02-22,"7,346,046",3.52
300474.SZ,300474,2021-02-22,"1,314,643",0.43
300476.SZ,300476,2021-02-22,"5,432,731",0.69
300477.SZ,300477,2021-02-22,"18,614",0.00
300481.SZ,300481,2021-02-22,48,0.00
300482.SZ,300482,2021-02-22,"8,445,630",2.46
300485.SZ,300485,2021-02-22,"2,989,838",0.62
300487.SZ,300487,2021-02-22,"7,001,218",3.26
300494.SZ,300494,2021-02-22,505,0.00
300495.SZ,300495,2021-02-22,"5,309,686",0.78
300496.SZ,300496,2021-02-22,"42,963,044",10.15
300497.SZ,300497,2021-02-22,"867,964",0.15
300498.SZ,300498,2021-02-22,"89,703,900",1.40
300502.SZ,300502,2021-02-22,"3,508,276",0.96
300503.SZ,300503,2021-02-22,80,0.00
300504.SZ,300504,2021-02-22,"1,753,070",0.65
300506.SZ,300506,2021-02-22,"1,027",0.00
300507.SZ,300507,2021-02-22,70,0.00
300508.SZ,300508,2021-02-22,33,0.00
300511.SZ,300511,2021-02-22,54,0.00
300516.SZ,300516,2021-02-22,"344,585",0.19
300518.SZ,300518,2021-02-22,79,0.00
300523.SZ,300523,2021-02-22,"1,668,405",0.71
300525.SZ,300525,2021-02-22,"1,645,954",0.58
300526.SZ,300526,2021-02-22,"762,927",0.37
300527.SZ,300527,2021-02-22,"4,486,219",0.46
300529.SZ,300529,2021-02-22,"28,380,506",3.55
300531.SZ,300531,2021-02-22,"858,866",0.25
300548.SZ,300548,2021-02-22,"876,169",0.58
300552.SZ,300552,2021-02-22,"496,042",0.25
300558.SZ,300558,2021-02-22,"8,091,064",1.95
300559.SZ,300559,2021-02-22,"2,301,934",0.57
300567.SZ,300567,2021-02-22,"3,280,526",1.32
300568.SZ,300568,2021-02-22,"3,807,350",0.84
300570.SZ,300570,2021-02-22,"294,147",0.12
300571.SZ,300571,2021-02-22,"78,649",0.06
300572.SZ,300572,2021-02-22,"1,257,920",0.64
300573.SZ,300573,2021-02-22,"1,879,639",2.28
300576.SZ,300576,2021-02-22,"355,495",0.22
300577.SZ,300577,2021-02-22,"7,073,367",2.94
300579.SZ,300579,2021-02-22,"1,244,997",0.69
300590.SZ,300590,2021-02-22,"713,771",0.29
300595.SZ,300595,2021-02-22,"17,874,109",2.94
300596.SZ,300596,2021-02-22,"7,854,538",3.83
300601.SZ,300601,2021-02-22,"21,105,909",3.07
300602.SZ,300602,2021-02-22,"1,848,340",0.36
300603.SZ,300603,2021-02-22,"1,485,828",0.35
300604.SZ,300604,2021-02-22,"2,269,372",0.72
300607.SZ,300607,2021-02-22,"16,809,525",6.31
300613.SZ,300613,2021-02-22,"191,460",0.23
300616.SZ,300616,2021-02-22,"2,165,683",1.09
300618.SZ,300618,2021-02-22,"3,254,109",1.05
300623.SZ,300623,2021-02-22,"5,639,200",1.14
300624.SZ,300624,2021-02-22,"6,824,112",5.25
300627.SZ,300627,2021-02-22,"848,831",0.24
300628.SZ,300628,2021-02-22,"13,018,399",1.44
300630.SZ,300630,2021-02-22,"4,468,396",1.02
300633.SZ,300633,2021-02-22,"12,294,999",3.04
300634.SZ,300634,2021-02-22,"2,586,147",0.64
300638.SZ,300638,2021-02-22,"1,596,160",0.65
300639.SZ,300639,2021-02-22,"1,596,832",0.67
300653.SZ,300653,2021-02-22,"783,088",0.65
300655.SZ,300655,2021-02-22,"470,489",0.24
300657.SZ,300657,2021-02-22,"888,643",0.26
300659.SZ,300659,2021-02-22,"1,369,945",0.60
300661.SZ,300661,2021-02-22,"6,073,591",3.88
300662.SZ,300662,2021-02-22,"5,953,890",3.25
300663.SZ,300663,2021-02-22,"1,605,580",0.51
300664.SZ,300664,2021-02-22,"1,342,312",0.18
300666.SZ,300666,2021-02-22,"1,169,766",0.52
300672.SZ,300672,2021-02-22,"581,600",0.32
300673.SZ,300673,2021-02-22,"7,129,243",4.19
300674.SZ,300674,2021-02-22,"1,665,427",0.40
300676.SZ,300676,2021-02-22,"20,179,292",4.87
300677.SZ,300677,2021-02-22,"7,281,654",2.06
300679.SZ,300679,2021-02-22,"2,126,750",0.75
300682.SZ,300682,2021-02-22,"8,110,310",0.79
300684.SZ,300684,2021-02-22,"3,214,554",1.14
300685.SZ,300685,2021-02-22,"16,327,455",7.36
300696.SZ,300696,2021-02-22,"1,031,037",0.57
300699.SZ,300699,2021-02-22,"20,701,142",3.99
300702.SZ,300702,2021-02-22,"982,768",0.50
300706.SZ,300706,2021-02-22,27,0.00
300708.SZ,300708,2021-02-22,48,0.00
300709.SZ,300709,2021-02-22,"746,943",0.64
300715.SZ,300715,2021-02-22,"1,470,165",0.86
300723.SZ,300723,2021-02-22,"756,230",0.47
300724.SZ,300724,2021-02-22,"27,247,823",8.48
300725.SZ,300725,2021-02-22,"1,853,056",1.20
300726.SZ,300726,2021-02-22,"3,456,483",0.86
300735.SZ,300735,2021-02-22,"3,686,600",0.47
300737.SZ,300737,2021-02-22,"9,184,410",1.44
300738.SZ,300738,2021-02-22,"906,520",0.42
300739.SZ,300739,2021-02-22,"1,073,459",0.38
300740.SZ,300740,2021-02-22,"3,770,046",0.91
300741.SZ,300741,2021-02-22,"4,440,099",0.72
300745.SZ,300745,2021-02-22,65,0.00
300747.SZ,300747,2021-02-22,"14,836,979",5.15
300748.SZ,300748,2021-02-22,"1,806,882",0.41
300750.SZ,300750,2021-02-22,"147,927,613",6.35
300751.SZ,300751,2021-02-22,"928,594",1.62
300755.SZ,300755,2021-02-22,"1,738,197",0.41
300759.SZ,300759,2021-02-22,"29,958,476",4.53
300760.SZ,300760,2021-02-22,"69,800,318",5.74
300761.SZ,300761,2021-02-22,"1,095,628",0.27
300762.SZ,300762,2021-02-22,"2,144,524",1.00
300763.SZ,300763,2021-02-22,"523,058",0.35
300765.SZ,300765,2021-02-22,"379,810",0.09
300766.SZ,300766,2021-02-22,"4,662,351",1.16
300767.SZ,300767,2021-02-22,"1,218,623",0.84
300768.SZ,300768,2021-02-22,"1,527,630",0.38
300770.SZ,300770,2021-02-22,"1,207,536",0.52
300771.SZ,300771,2021-02-22,"702,228",0.43
300773.SZ,300773,2021-02-22,"9,587,674",1.19
300775.SZ,300775,2021-02-22,"3,843,628",0.77
300776.SZ,300776,2021-02-22,"1,740,056",1.64
300777.SZ,300777,2021-02-22,"3,078,378",0.76
300782.SZ,300782,2021-02-22,"6,371,667",3.43
300783.SZ,300783,2021-02-22,"9,409,271",2.34
300785.SZ,300785,2021-02-22,"68,676",0.07
300788.SZ,300788,2021-02-22,"474,596",0.24
300791.SZ,300791,2021-02-22,"1,881,899",1.56
300793.SZ,300793,2021-02-22,"549,129",0.20
300799.SZ,300799,2021-02-22,"267,231",0.26
300803.SZ,300803,2021-02-22,"1,159,847",0.28
300805.SZ,300805,2021-02-22,"376,000",0.08
300815.SZ,300815,2021-02-22,"162,947",0.11
300821.SZ,300821,2021-02-22,"1,935,938",0.16
300829.SZ,300829,2021-02-22,"244,476",0.21
300999.SZ,300999,2021-02-22,"5,678,869",0.10
